{"v":"5.3.4","fr":30,"ip":0,"op":87,"w":800,"h":800,"nm":"cadeau01","ddd":0,"assets":[{"id":"comp_0","layers":[{"ddd":0,"ind":1,"ty":0,"nm":"etincellezoom","refId":"comp_1","sr":1,"ks":{"o":{"a":0,"k":100,"ix":11},"r":{"a":1,"k":[{"i":{"x":[0.567],"y":[0.999]},"o":{"x":[0.01],"y":[0.397]},"n":["0p567_0p999_0p01_0p397"],"t":0,"s":[0],"e":[30]},{"t":30}],"ix":10},"p":{"a":0,"k":[50,50,0],"ix":2},"a":{"a":0,"k":[50,50,0],"ix":1},"s":{"a":1,"k":[{"i":{"x":[0.6,0.6,0.667],"y":[0.992,0.992,1]},"o":{"x":[0.01,0.01,0.167],"y":[0.325,0.325,8.333]},"n":["0p6_0p992_0p01_0p325","0p6_0p992_0p01_0p325","0p667_1_0p167_8p333"],"t":0,"s":[50,50,100],"e":[100,100,100]},{"t":30}],"ix":6}},"ao":0,"w":100,"h":100,"ip":0,"op":180,"st":0,"bm":0}]},{"id":"comp_1","layers":[{"ddd":0,"ind":1,"ty":0,"nm":"etincelle element","refId":"comp_2","sr":1,"ks":{"o":{"a":0,"k":100,"ix":11},"r":{"a":0,"k":300,"ix":10},"p":{"a":0,"k":[50,50,0],"ix":2},"a":{"a":0,"k":[50,50,0],"ix":1},"s":{"a":0,"k":[100,100,100],"ix":6}},"ao":0,"w":100,"h":100,"ip":0,"op":180,"st":0,"bm":0},{"ddd":0,"ind":2,"ty":0,"nm":"etincelle element","refId":"comp_2","sr":1,"ks":{"o":{"a":0,"k":100,"ix":11},"r":{"a":0,"k":240,"ix":10},"p":{"a":0,"k":[50,50,0],"ix":2},"a":{"a":0,"k":[50,50,0],"ix":1},"s":{"a":0,"k":[100,100,100],"ix":6}},"ao":0,"w":100,"h":100,"ip":0,"op":180,"st":0,"bm":0},{"ddd":0,"ind":3,"ty":0,"nm":"etincelle element","refId":"comp_2","sr":1,"ks":{"o":{"a":0,"k":100,"ix":11},"r":{"a":0,"k":180,"ix":10},"p":{"a":0,"k":[50,50,0],"ix":2},"a":{"a":0,"k":[50,50,0],"ix":1},"s":{"a":0,"k":[100,100,100],"ix":6}},"ao":0,"w":100,"h":100,"ip":0,"op":180,"st":0,"bm":0},{"ddd":0,"ind":4,"ty":0,"nm":"etincelle element","refId":"comp_2","sr":1,"ks":{"o":{"a":0,"k":100,"ix":11},"r":{"a":0,"k":120,"ix":10},"p":{"a":0,"k":[50,50,0],"ix":2},"a":{"a":0,"k":[50,50,0],"ix":1},"s":{"a":0,"k":[100,100,100],"ix":6}},"ao":0,"w":100,"h":100,"ip":0,"op":180,"st":0,"bm":0},{"ddd":0,"ind":5,"ty":0,"nm":"etincelle element","refId":"comp_2","sr":1,"ks":{"o":{"a":0,"k":100,"ix":11},"r":{"a":0,"k":60,"ix":10},"p":{"a":0,"k":[50,50,0],"ix":2},"a":{"a":0,"k":[50,50,0],"ix":1},"s":{"a":0,"k":[100,100,100],"ix":6}},"ao":0,"w":100,"h":100,"ip":0,"op":180,"st":0,"bm":0},{"ddd":0,"ind":6,"ty":0,"nm":"etincelle element","refId":"comp_2","sr":1,"ks":{"o":{"a":0,"k":100,"ix":11},"r":{"a":0,"k":0,"ix":10},"p":{"a":0,"k":[50,50,0],"ix":2},"a":{"a":0,"k":[50,50,0],"ix":1},"s":{"a":0,"k":[100,100,100],"ix":6}},"ao":0,"w":100,"h":100,"ip":0,"op":180,"st":0,"bm":0}]},{"id":"comp_2","layers":[{"ddd":0,"ind":1,"ty":4,"nm":"Calque de forme 3","sr":1,"ks":{"o":{"a":0,"k":100,"ix":11},"r":{"a":0,"k":0,"ix":10},"p":{"a":1,"k":[{"i":{"x":0.693,"y":1},"o":{"x":0.167,"y":0.167},"n":"0p693_1_0p167_0p167","t":0,"s":[50,27.25,0],"e":[50,18.75,0],"to":[0,-0.19970020651817,0],"ti":[0,0.23142339289188,0]},{"t":17}],"ix":2},"a":{"a":0,"k":[0,-7.75,0],"ix":1},"s":{"a":1,"k":[{"i":{"x":[0.667,0.667,0.667],"y":[1,1,1]},"o":{"x":[0.167,0.167,0.167],"y":[0,0.167,0]},"n":["0p667_1_0p167_0","0p667_1_0p167_0p167","0p667_1_0p167_0"],"t":0,"s":[65.025,150,100],"e":[65.025,26,100]},{"i":{"x":[0.833,0.833,0.833],"y":[0.833,0.833,0.833]},"o":{"x":[0.167,0.167,0.167],"y":[0.167,0.167,0.167]},"n":["0p833_0p833_0p167_0p167","0p833_0p833_0p167_0p167","0p833_0p833_0p167_0p167"],"t":9,"s":[65.025,26,100],"e":[65,0,100]},{"t":25}],"ix":6}},"ao":0,"shapes":[{"ty":"gr","it":[{"ind":0,"ty":"sh","ix":1,"ks":{"a":0,"k":{"i":[[0,0],[0,0],[0,0],[0,0]],"o":[[0,0],[0,0],[0,0],[0,0]],"v":[[2.649,-7.819],[-2.649,-7.819],[-2.649,7.819],[2.649,7.819]],"c":true},"ix":2},"nm":"Tracé 1","mn":"ADBE Vector Shape - Group","hd":false},{"ty":"st","c":{"a":0,"k":[0.196446003633,0.161725003112,0.161725003112,1],"ix":3},"o":{"a":0,"k":100,"ix":4},"w":{"a":0,"k":30,"ix":5},"lc":1,"lj":1,"ml":4,"ml2":{"a":0,"k":4,"ix":8},"nm":"Contour 1","mn":"ADBE Vector Graphic - Stroke","hd":true},{"ty":"fl","c":{"a":0,"k":[1,0.27450980392156865,0,1],"ix":4},"o":{"a":0,"k":100,"ix":5},"r":1,"nm":"Fond 1","mn":"ADBE Vector Graphic - Fill","hd":false},{"ty":"tr","p":{"a":0,"k":[-0.04,-7.901],"ix":2},"a":{"a":0,"k":[-0.037,-7.901],"ix":1},"s":{"a":0,"k":[107.937,100],"ix":3},"r":{"a":0,"k":0,"ix":6},"o":{"a":0,"k":100,"ix":7},"sk":{"a":0,"k":0,"ix":4},"sa":{"a":0,"k":0,"ix":5},"nm":"Transformer "}],"nm":"Rectangle 1","np":3,"cix":2,"ix":1,"mn":"ADBE Vector Group","hd":false}],"ip":0,"op":240,"st":0,"bm":0}]}],"layers":[{"ddd":0,"ind":1,"ty":0,"nm":"Etincelle A6","refId":"comp_0","sr":1,"ks":{"o":{"a":0,"k":100,"ix":11},"r":{"a":0,"k":10,"ix":10},"p":{"a":0,"k":[219.5,454.5,0],"ix":2},"a":{"a":0,"k":[50,50,0],"ix":1},"s":{"a":0,"k":[242,242,100],"ix":6}},"ao":0,"w":100,"h":100,"ip":30,"op":210,"st":30,"bm":0},{"ddd":0,"ind":2,"ty":0,"nm":"Etincelle A6","refId":"comp_0","sr":1,"ks":{"o":{"a":0,"k":100,"ix":11},"r":{"a":0,"k":37,"ix":10},"p":{"a":0,"k":[597.5,454.5,0],"ix":2},"a":{"a":0,"k":[50,50,0],"ix":1},"s":{"a":0,"k":[217,217,100],"ix":6}},"ao":0,"w":100,"h":100,"ip":20,"op":200,"st":20,"bm":0},{"ddd":0,"ind":3,"ty":0,"nm":"Etincelle A6","refId":"comp_0","sr":1,"ks":{"o":{"a":0,"k":100,"ix":11},"r":{"a":0,"k":10,"ix":10},"p":{"a":0,"k":[533.5,220.5,0],"ix":2},"a":{"a":0,"k":[50,50,0],"ix":1},"s":{"a":0,"k":[242,242,100],"ix":6}},"ao":0,"w":100,"h":100,"ip":10,"op":190,"st":10,"bm":0},{"ddd":0,"ind":4,"ty":0,"nm":"Etincelle A6","refId":"comp_0","sr":1,"ks":{"o":{"a":0,"k":100,"ix":11},"r":{"a":0,"k":-9,"ix":10},"p":{"a":0,"k":[225.5,290.5,0],"ix":2},"a":{"a":0,"k":[50,50,0],"ix":1},"s":{"a":0,"k":[242,242,100],"ix":6}},"ao":0,"w":100,"h":100,"ip":0,"op":180,"st":0,"bm":0},{"ddd":0,"ind":5,"ty":0,"nm":"Etincelle A6","refId":"comp_0","sr":1,"ks":{"o":{"a":0,"k":100,"ix":11},"r":{"a":0,"k":40,"ix":10},"p":{"a":0,"k":[688.5,415.5,0],"ix":2},"a":{"a":0,"k":[50,50,0],"ix":1},"s":{"a":0,"k":[199,199,100],"ix":6}},"ao":0,"w":100,"h":100,"ip":51,"op":231,"st":51,"bm":0},{"ddd":0,"ind":6,"ty":0,"nm":"Etincelle A6","refId":"comp_0","sr":1,"ks":{"o":{"a":0,"k":100,"ix":11},"r":{"a":0,"k":-24,"ix":10},"p":{"a":0,"k":[244.5,227.5,0],"ix":2},"a":{"a":0,"k":[50,50,0],"ix":1},"s":{"a":0,"k":[220,220,100],"ix":6}},"ao":0,"w":100,"h":100,"ip":48,"op":228,"st":48,"bm":0},{"ddd":0,"ind":7,"ty":0,"nm":"Etincelle A6","refId":"comp_0","sr":1,"ks":{"o":{"a":0,"k":100,"ix":11},"r":{"a":0,"k":40,"ix":10},"p":{"a":0,"k":[672.5,109.5,0],"ix":2},"a":{"a":0,"k":[50,50,0],"ix":1},"s":{"a":0,"k":[199,199,100],"ix":6}},"ao":0,"w":100,"h":100,"ip":45,"op":225,"st":45,"bm":0},{"ddd":0,"ind":8,"ty":0,"nm":"Etincelle A6","refId":"comp_0","sr":1,"ks":{"o":{"a":0,"k":100,"ix":11},"r":{"a":0,"k":10,"ix":10},"p":{"a":0,"k":[160.5,139.5,0],"ix":2},"a":{"a":0,"k":[50,50,0],"ix":1},"s":{"a":0,"k":[236,236,100],"ix":6}},"ao":0,"w":100,"h":100,"ip":41,"op":221,"st":41,"bm":0},{"ddd":0,"ind":9,"ty":0,"nm":"Etincelle A6","refId":"comp_0","sr":1,"ks":{"o":{"a":0,"k":100,"ix":11},"r":{"a":0,"k":10,"ix":10},"p":{"a":0,"k":[395.5,266.5,0],"ix":2},"a":{"a":0,"k":[50,50,0],"ix":1},"s":{"a":0,"k":[200,200,100],"ix":6}},"ao":0,"w":100,"h":100,"ip":37,"op":217,"st":37,"bm":0},{"ddd":0,"ind":10,"ty":0,"nm":"Etincelle A6","refId":"comp_0","sr":1,"ks":{"o":{"a":0,"k":100,"ix":11},"r":{"a":0,"k":11,"ix":10},"p":{"a":0,"k":[357.5,90,0],"ix":2},"a":{"a":0,"k":[50,50,0],"ix":1},"s":{"a":0,"k":[-200,200,100],"ix":6}},"ao":0,"w":100,"h":100,"ip":39,"op":219,"st":39,"bm":0},{"ddd":0,"ind":11,"ty":0,"nm":"Etincelle A6","refId":"comp_0","sr":1,"ks":{"o":{"a":0,"k":100,"ix":11},"r":{"a":0,"k":0,"ix":10},"p":{"a":0,"k":[649,297,0],"ix":2},"a":{"a":0,"k":[50,50,0],"ix":1},"s":{"a":0,"k":[300,300,100],"ix":6}},"ao":0,"w":100,"h":100,"ip":43,"op":223,"st":43,"bm":0},{"ddd":0,"ind":12,"ty":0,"nm":"Etincelle A6","refId":"comp_0","sr":1,"ks":{"o":{"a":0,"k":100,"ix":11},"r":{"a":0,"k":23,"ix":10},"p":{"a":0,"k":[117.5,392,0],"ix":2},"a":{"a":0,"k":[50,50,0],"ix":1},"s":{"a":0,"k":[-300,300,100],"ix":6}},"ao":0,"w":100,"h":100,"ip":47,"op":227,"st":47,"bm":0},{"ddd":0,"ind":13,"ty":0,"nm":"Etincelle A6","refId":"comp_0","sr":1,"ks":{"o":{"a":0,"k":100,"ix":11},"r":{"a":0,"k":39,"ix":10},"p":{"a":0,"k":[515.5,158.5,0],"ix":2},"a":{"a":0,"k":[50,50,0],"ix":1},"s":{"a":0,"k":[-200,200,100],"ix":6}},"ao":0,"w":100,"h":100,"ip":50,"op":230,"st":50,"bm":0},{"ddd":0,"ind":14,"ty":0,"nm":"Etincelle A6","refId":"comp_0","sr":1,"ks":{"o":{"a":0,"k":100,"ix":11},"r":{"a":0,"k":10,"ix":10},"p":{"a":0,"k":[548.5,393.5,0],"ix":2},"a":{"a":0,"k":[50,50,0],"ix":1},"s":{"a":0,"k":[300,300,100],"ix":6}},"ao":0,"w":100,"h":100,"ip":58,"op":238,"st":58,"bm":0},{"ddd":0,"ind":15,"ty":4,"nm":"noeud","parent":16,"sr":1,"ks":{"o":{"a":0,"k":100,"ix":11},"r":{"a":0,"k":0,"ix":10},"p":{"a":0,"k":[400,336,0],"ix":2},"a":{"a":0,"k":[400,336,0],"ix":1},"s":{"a":0,"k":[100,100,100],"ix":6}},"ao":0,"shapes":[{"ty":"gr","it":[{"ind":0,"ty":"sh","ix":1,"ks":{"a":1,"k":[{"i":{"x":0.833,"y":0.833},"o":{"x":0.264,"y":0.264},"n":"0p833_0p833_0p264_0p264","t":0,"s":[{"i":[[95.568,0],[-54.612,0]],"o":[[0,-31.928],[54.61,0]],"v":[[-58.024,43.828],[3.414,-43.828]],"c":true}],"e":[{"i":[[95.568,0],[-58.562,-2.982]],"o":[[0,-31.928],[58.562,2.982]],"v":[[-58.024,43.828],[15.414,-31.828]],"c":true}]},{"i":{"x":0.833,"y":0.833},"o":{"x":0.167,"y":0.167},"n":"0p833_0p833_0p167_0p167","t":35,"s":[{"i":[[95.568,0],[-58.562,-2.982]],"o":[[0,-31.928],[58.562,2.982]],"v":[[-58.024,43.828],[15.414,-31.828]],"c":true}],"e":[{"i":[[95.568,0],[-47.883,-9.526]],"o":[[0,-31.928],[47.883,9.526]],"v":[[-58.024,43.828],[43.314,-3.332]],"c":true}]},{"i":{"x":0.833,"y":0.833},"o":{"x":0.167,"y":0.167},"n":"0p833_0p833_0p167_0p167","t":43,"s":[{"i":[[95.568,0],[-47.883,-9.526]],"o":[[0,-31.928],[47.883,9.526]],"v":[[-58.024,43.828],[43.314,-3.332]],"c":true}],"e":[{"i":[[95.568,0],[-38.077,13.859]],"o":[[0,-31.928],[38.077,-13.859]],"v":[[-58.024,43.828],[-21.019,-64.877]],"c":true}]},{"i":{"x":0.833,"y":0.833},"o":{"x":0.167,"y":0.167},"n":"0p833_0p833_0p167_0p167","t":49,"s":[{"i":[[95.568,0],[-38.077,13.859]],"o":[[0,-31.928],[38.077,-13.859]],"v":[[-58.024,43.828],[-21.019,-64.877]],"c":true}],"e":[{"i":[[95.568,0],[-53.213,-18.486]],"o":[[0,-31.928],[53.213,18.486]],"v":[[-58.024,43.828],[26.231,-18.072]],"c":true}]},{"i":{"x":0.833,"y":0.833},"o":{"x":0.167,"y":0.167},"n":"0p833_0p833_0p167_0p167","t":54,"s":[{"i":[[95.568,0],[-53.213,-18.486]],"o":[[0,-31.928],[53.213,18.486]],"v":[[-58.024,43.828],[26.231,-18.072]],"c":true}],"e":[{"i":[[95.568,0],[-54.612,0]],"o":[[0,-31.928],[54.61,0]],"v":[[-58.024,43.828],[-18.586,-49.828]],"c":true}]},{"i":{"x":0.833,"y":0.833},"o":{"x":0.167,"y":0.167},"n":"0p833_0p833_0p167_0p167","t":60,"s":[{"i":[[95.568,0],[-54.612,0]],"o":[[0,-31.928],[54.61,0]],"v":[[-58.024,43.828],[-18.586,-49.828]],"c":true}],"e":[{"i":[[95.568,0],[-48.562,-16.203]],"o":[[0,-31.928],[48.562,16.203]],"v":[[-58.024,43.828],[3.414,-35.828]],"c":true}]},{"i":{"x":0.833,"y":0.833},"o":{"x":0.167,"y":0.167},"n":"0p833_0p833_0p167_0p167","t":74,"s":[{"i":[[95.568,0],[-48.562,-16.203]],"o":[[0,-31.928],[48.562,16.203]],"v":[[-58.024,43.828],[3.414,-35.828]],"c":true}],"e":[{"i":[[95.568,0],[-54.612,0]],"o":[[0,-31.928],[54.61,0]],"v":[[-58.024,43.828],[3.414,-43.828]],"c":true}]},{"t":87}],"ix":2},"nm":"Tracé 1","mn":"ADBE Vector Shape - Group","hd":false},{"ty":"st","c":{"a":0,"k":[1,0.27450980392156865,0,1],"ix":3},"o":{"a":0,"k":100,"ix":4},"w":{"a":0,"k":16,"ix":5},"lc":1,"lj":1,"ml":4,"ml2":{"a":0,"k":4,"ix":8},"nm":"Contour 1","mn":"ADBE Vector Graphic - Stroke","hd":false},{"ty":"tr","p":{"a":0,"k":[458.024,291.625],"ix":2},"a":{"a":0,"k":[0,0],"ix":1},"s":{"a":0,"k":[100,100],"ix":3},"r":{"a":0,"k":0,"ix":6},"o":{"a":0,"k":100,"ix":7},"sk":{"a":0,"k":0,"ix":4},"sa":{"a":0,"k":0,"ix":5},"nm":"Transformer "}],"nm":"Groupe 1","np":2,"cix":2,"ix":1,"mn":"ADBE Vector Group","hd":false},{"ty":"gr","it":[{"ind":0,"ty":"sh","ix":1,"ks":{"a":1,"k":[{"i":{"x":0.833,"y":0.833},"o":{"x":0.167,"y":0.167},"n":"0p833_0p833_0p167_0p167","t":0,"s":[{"i":[[-95.569,0],[54.611,0]],"o":[[0,-31.928],[-54.611,0]],"v":[[58.024,43.828],[-3.413,-43.828]],"c":true}],"e":[{"i":[[-95.569,0],[64.563,-4.982]],"o":[[0,-31.928],[-64.563,4.982]],"v":[[58.024,43.828],[-15.413,-31.828]],"c":true}]},{"i":{"x":0.833,"y":0.833},"o":{"x":0.167,"y":0.167},"n":"0p833_0p833_0p167_0p167","t":33,"s":[{"i":[[-95.569,0],[64.563,-4.982]],"o":[[0,-31.928],[-64.563,4.982]],"v":[[58.024,43.828],[-15.413,-31.828]],"c":true}],"e":[{"i":[[-95.569,0],[35.287,-18.545]],"o":[[0,-31.928],[-35.287,18.545]],"v":[[58.024,43.829],[-31.592,-1.051]],"c":true}]},{"i":{"x":0.833,"y":0.833},"o":{"x":0.167,"y":0.167},"n":"0p833_0p833_0p167_0p167","t":41,"s":[{"i":[[-95.569,0],[35.287,-18.545]],"o":[[0,-31.928],[-35.287,18.545]],"v":[[58.024,43.829],[-31.592,-1.051]],"c":true}],"e":[{"i":[[-95.569,0],[37.061,1.413]],"o":[[0,-31.928],[-37.061,-1.413]],"v":[[58.024,43.828],[-28.117,-42.518]],"c":true}]},{"i":{"x":0.833,"y":0.833},"o":{"x":0.167,"y":0.167},"n":"0p833_0p833_0p167_0p167","t":47,"s":[{"i":[[-95.569,0],[37.061,1.413]],"o":[[0,-31.928],[-37.061,-1.413]],"v":[[58.024,43.828],[-28.117,-42.518]],"c":true}],"e":[{"i":[[-95.569,0],[50.131,10.023]],"o":[[0,-31.928],[-50.131,-10.023]],"v":[[58.024,43.828],[49.246,-59.418]],"c":true}]},{"i":{"x":0.833,"y":0.833},"o":{"x":0.167,"y":0.167},"n":"0p833_0p833_0p167_0p167","t":52,"s":[{"i":[[-95.569,0],[50.131,10.023]],"o":[[0,-31.928],[-50.131,-10.023]],"v":[[58.024,43.828],[49.246,-59.418]],"c":true}],"e":[{"i":[[-95.569,0],[54.611,0]],"o":[[0,-31.928],[-54.611,0]],"v":[[58.024,43.828],[-15.413,-41.828]],"c":true}]},{"i":{"x":0.833,"y":0.833},"o":{"x":0.167,"y":0.167},"n":"0p833_0p833_0p167_0p167","t":58,"s":[{"i":[[-95.569,0],[54.611,0]],"o":[[0,-31.928],[-54.611,0]],"v":[[58.024,43.828],[-15.413,-41.828]],"c":true}],"e":[{"i":[[-95.569,0],[62.563,-8.203]],"o":[[0,-31.928],[-62.563,8.203]],"v":[[58.024,43.828],[-3.413,-35.828]],"c":true}]},{"i":{"x":0.833,"y":0.833},"o":{"x":0.167,"y":0.167},"n":"0p833_0p833_0p167_0p167","t":72,"s":[{"i":[[-95.569,0],[62.563,-8.203]],"o":[[0,-31.928],[-62.563,8.203]],"v":[[58.024,43.828],[-3.413,-35.828]],"c":true}],"e":[{"i":[[-95.569,0],[54.611,0]],"o":[[0,-31.928],[-54.611,0]],"v":[[58.024,43.828],[-3.413,-43.828]],"c":true}]},{"t":85}],"ix":2},"nm":"Tracé 1","mn":"ADBE Vector Shape - Group","hd":false},{"ty":"st","c":{"a":0,"k":[1,0.27450980392156865,0,1],"ix":3},"o":{"a":0,"k":100,"ix":4},"w":{"a":0,"k":16,"ix":5},"lc":2,"lj":2,"nm":"Contour 1","mn":"ADBE Vector Graphic - Stroke","hd":false},{"ty":"tr","p":{"a":0,"k":[341.976,291.625],"ix":2},"a":{"a":0,"k":[0,0],"ix":1},"s":{"a":0,"k":[100,100],"ix":3},"r":{"a":0,"k":0,"ix":6},"o":{"a":0,"k":100,"ix":7},"sk":{"a":0,"k":0,"ix":4},"sa":{"a":0,"k":0,"ix":5},"nm":"Transformer "}],"nm":"Groupe 2","np":2,"cix":2,"ix":2,"mn":"ADBE Vector Group","hd":false}],"ip":0,"op":180,"st":0,"bm":0},{"ddd":0,"ind":16,"ty":4,"nm":"couvercle","sr":1,"ks":{"o":{"a":0,"k":100,"ix":11},"r":{"a":1,"k":[{"i":{"x":[0.833],"y":[0.833]},"o":{"x":[0.167],"y":[0.167]},"n":["0p833_0p833_0p167_0p167"],"t":20,"s":[0],"e":[0]},{"i":{"x":[0.833],"y":[0.833]},"o":{"x":[0.167],"y":[0.167]},"n":["0p833_0p833_0p167_0p167"],"t":34,"s":[0],"e":[8]},{"i":{"x":[0.833],"y":[0.833]},"o":{"x":[0.167],"y":[0.167]},"n":["0p833_0p833_0p167_0p167"],"t":40,"s":[8],"e":[-11]},{"i":{"x":[0.833],"y":[0.833]},"o":{"x":[0.167],"y":[0.167]},"n":["0p833_0p833_0p167_0p167"],"t":47,"s":[-11],"e":[6]},{"i":{"x":[0.833],"y":[0.833]},"o":{"x":[0.167],"y":[0.167]},"n":["0p833_0p833_0p167_0p167"],"t":52,"s":[6],"e":[0]},{"t":57}],"ix":10},"p":{"a":1,"k":[{"i":{"x":0.833,"y":0.833},"o":{"x":0.167,"y":0.167},"n":"0p833_0p833_0p167_0p167","t":0,"s":[400,400,0],"e":[400,424,0],"to":[0,4,0],"ti":[0,27.6666660308838,0]},{"i":{"x":0.667,"y":1},"o":{"x":0.167,"y":0.167},"n":"0p667_1_0p167_0p167","t":34,"s":[400,424,0],"e":[400,234,0],"to":[0,-27.6666660308838,0],"ti":[0,31.6666660308838,0]},{"i":{"x":0.833,"y":0.833},"o":{"x":0.167,"y":0.167},"n":"0p833_0p833_0p167_0p167","t":40,"s":[400,234,0],"e":[400,234,0],"to":[0,0,0],"ti":[0,0,0]},{"i":{"x":0.833,"y":0.833},"o":{"x":0.333,"y":0},"n":"0p833_0p833_0p333_0","t":41,"s":[400,234,0],"e":[400,326,0],"to":[0,15.3333330154419,0],"ti":[0,-19.6666660308838,0]},{"i":{"x":0.833,"y":0.833},"o":{"x":0.167,"y":0.167},"n":"0p833_0p833_0p167_0p167","t":47,"s":[400,326,0],"e":[400,352,0],"to":[0,19.6666660308838,0],"ti":[0,-12.3333330154419,0]},{"i":{"x":0.833,"y":0.833},"o":{"x":0.167,"y":0.167},"n":"0p833_0p833_0p167_0p167","t":57,"s":[400,352,0],"e":[400,400,0],"to":[0,12.3333330154419,0],"ti":[0,-8,0]},{"t":87}],"ix":2},"a":{"a":0,"k":[400,400,0],"ix":1},"s":{"a":0,"k":[100,100,100],"ix":6}},"ao":0,"shapes":[{"ty":"gr","it":[{"ind":0,"ty":"sh","ix":1,"ks":{"a":0,"k":{"i":[[0,0],[0,0],[0,0],[0,0]],"o":[[0,0],[0,0],[0,0],[0,0]],"v":[[-32.111,-34.118],[32.112,-34.118],[32.112,34.118],[-32.111,34.118]],"c":true},"ix":2},"nm":"Tracé 1","mn":"ADBE Vector Shape - Group","hd":false},{"ty":"fl","c":{"a":0,"k":[1,0.27450980392156865,0,1],"ix":4},"o":{"a":0,"k":100,"ix":5},"r":1,"nm":"Fond 1","mn":"ADBE Vector Graphic - Fill","hd":false},{"ty":"tr","p":{"a":0,"k":[400,367.544],"ix":2},"a":{"a":0,"k":[0,0],"ix":1},"s":{"a":0,"k":[100,100],"ix":3},"r":{"a":0,"k":0,"ix":6},"o":{"a":0,"k":100,"ix":7},"sk":{"a":0,"k":0,"ix":4},"sa":{"a":0,"k":0,"ix":5},"nm":"Transformer "}],"nm":"Groupe 3","np":2,"cix":2,"ix":1,"mn":"ADBE Vector Group","hd":false},{"ty":"gr","it":[{"ind":0,"ty":"sh","ix":1,"ks":{"a":0,"k":{"i":[[-4.506,0],[0,0],[0,-4.506],[0,0],[4.505,0],[0,0],[0,4.505],[0,0]],"o":[[0,0],[4.505,0],[0,0],[0,4.505],[0,0],[-4.506,0],[0,0],[0,-4.506]],"v":[[-128.342,-32.139],[128.342,-32.139],[136.5,-23.981],[136.5,23.981],[128.342,32.139],[-128.342,32.139],[-136.5,23.981],[-136.5,-23.981]],"c":true},"ix":2},"nm":"Tracé 1","mn":"ADBE Vector Shape - Group","hd":false},{"ty":"st","c":{"a":0,"k":[1,0.27450980392156865,0,1],"ix":3},"o":{"a":0,"k":100,"ix":4},"w":{"a":0,"k":16,"ix":5},"lc":2,"lj":2,"nm":"Contour 1","mn":"ADBE Vector Graphic - Stroke","hd":false},{"ty":"fl","c":{"a":0,"k":[1,1,1,1],"ix":4},"o":{"a":0,"k":100,"ix":5},"r":1,"nm":"Fond 1","mn":"ADBE Vector Graphic - Fill","hd":false},{"ty":"tr","p":{"a":0,"k":[400,367.565],"ix":2},"a":{"a":0,"k":[0,0],"ix":1},"s":{"a":0,"k":[100,100],"ix":3},"r":{"a":0,"k":0,"ix":6},"o":{"a":0,"k":100,"ix":7},"sk":{"a":0,"k":0,"ix":4},"sa":{"a":0,"k":0,"ix":5},"nm":"Transformer "}],"nm":"Groupe 4","np":3,"cix":2,"ix":2,"mn":"ADBE Vector Group","hd":false}],"ip":0,"op":180,"st":0,"bm":0},{"ddd":0,"ind":17,"ty":4,"nm":"boite","sr":1,"ks":{"o":{"a":0,"k":100,"ix":11},"r":{"a":0,"k":0,"ix":10},"p":{"a":0,"k":[400,544,0],"ix":2},"a":{"a":0,"k":[400,544,0],"ix":1},"s":{"a":0,"k":[100,100,100],"ix":6}},"ao":0,"shapes":[{"ty":"gr","it":[{"ind":0,"ty":"sh","ix":1,"ks":{"a":1,"k":[{"i":{"x":0.833,"y":0.833},"o":{"x":0.167,"y":0.167},"n":"0p833_0p833_0p167_0p167","t":0,"s":[{"i":[[0,0],[0,0],[0,0],[0,0]],"o":[[0,0],[0,0],[0,0],[0,0]],"v":[[-32.111,79.257],[32.112,79.257],[32.112,-94.257],[-32.111,-94.257]],"c":true}],"e":[{"i":[[0,0],[0,0],[0,0],[0,0]],"o":[[0,0],[0,0],[0,0],[0,0]],"v":[[-32.111,79.257],[32.112,79.257],[32.112,-64.257],[-32.111,-64.257]],"c":true}]},{"i":{"x":0.833,"y":0.833},"o":{"x":0.167,"y":0.167},"n":"0p833_0p833_0p167_0p167","t":20,"s":[{"i":[[0,0],[0,0],[0,0],[0,0]],"o":[[0,0],[0,0],[0,0],[0,0]],"v":[[-32.111,79.257],[32.112,79.257],[32.112,-64.257],[-32.111,-64.257]],"c":true}],"e":[{"i":[[0,0],[0,0],[0,0],[0,0]],"o":[[0,0],[0,0],[0,0],[0,0]],"v":[[-32.111,79.257],[32.112,79.257],[32.112,-64.257],[-32.111,-64.257]],"c":true}]},{"i":{"x":0.833,"y":0.833},"o":{"x":0.167,"y":0.167},"n":"0p833_0p833_0p167_0p167","t":24,"s":[{"i":[[0,0],[0,0],[0,0],[0,0]],"o":[[0,0],[0,0],[0,0],[0,0]],"v":[[-32.111,79.257],[32.112,79.257],[32.112,-64.257],[-32.111,-64.257]],"c":true}],"e":[{"i":[[0,0],[0,0],[0,0],[0,0]],"o":[[0,0],[0,0],[0,0],[0,0]],"v":[[-32.111,79.257],[32.112,79.257],[32.112,-64.257],[-32.111,-64.257]],"c":true}]},{"i":{"x":0.833,"y":0.833},"o":{"x":0.167,"y":0.167},"n":"0p833_0p833_0p167_0p167","t":27,"s":[{"i":[[0,0],[0,0],[0,0],[0,0]],"o":[[0,0],[0,0],[0,0],[0,0]],"v":[[-32.111,79.257],[32.112,79.257],[32.112,-64.257],[-32.111,-64.257]],"c":true}],"e":[{"i":[[0,0],[0,0],[0,0],[0,0]],"o":[[0,0],[0,0],[0,0],[0,0]],"v":[[-32.111,79.257],[32.112,79.257],[32.112,-64.257],[-32.111,-64.257]],"c":true}]},{"i":{"x":0.833,"y":0.833},"o":{"x":0.167,"y":0.167},"n":"0p833_0p833_0p167_0p167","t":29,"s":[{"i":[[0,0],[0,0],[0,0],[0,0]],"o":[[0,0],[0,0],[0,0],[0,0]],"v":[[-32.111,79.257],[32.112,79.257],[32.112,-64.257],[-32.111,-64.257]],"c":true}],"e":[{"i":[[0,0],[0,0],[0,0],[0,0]],"o":[[0,0],[0,0],[0,0],[0,0]],"v":[[-32.111,79.257],[32.112,79.257],[32.112,-64.257],[-32.111,-64.257]],"c":true}]},{"i":{"x":0.833,"y":0.833},"o":{"x":0.167,"y":0.167},"n":"0p833_0p833_0p167_0p167","t":31,"s":[{"i":[[0,0],[0,0],[0,0],[0,0]],"o":[[0,0],[0,0],[0,0],[0,0]],"v":[[-32.111,79.257],[32.112,79.257],[32.112,-64.257],[-32.111,-64.257]],"c":true}],"e":[{"i":[[0,0],[0,0],[0,0],[0,0]],"o":[[0,0],[0,0],[0,0],[0,0]],"v":[[-32.111,79.257],[32.112,79.257],[32.112,-78.257],[-32.111,-78.257]],"c":true}]},{"i":{"x":0.833,"y":0.833},"o":{"x":0.167,"y":0.167},"n":"0p833_0p833_0p167_0p167","t":33,"s":[{"i":[[0,0],[0,0],[0,0],[0,0]],"o":[[0,0],[0,0],[0,0],[0,0]],"v":[[-32.111,79.257],[32.112,79.257],[32.112,-78.257],[-32.111,-78.257]],"c":true}],"e":[{"i":[[0,0],[0,0],[0,0],[0,0]],"o":[[0,0],[0,0],[0,0],[0,0]],"v":[[-32.111,21.757],[32.112,21.757],[32.112,-151.757],[-32.111,-151.757]],"c":true}]},{"i":{"x":0.833,"y":0.833},"o":{"x":0.167,"y":0.167},"n":"0p833_0p833_0p167_0p167","t":39,"s":[{"i":[[0,0],[0,0],[0,0],[0,0]],"o":[[0,0],[0,0],[0,0],[0,0]],"v":[[-32.111,21.757],[32.112,21.757],[32.112,-151.757],[-32.111,-151.757]],"c":true}],"e":[{"i":[[0,0],[0,0],[0,0],[0,0]],"o":[[0,0],[0,0],[0,0],[0,0]],"v":[[-32.111,21.757],[32.112,21.757],[32.112,-151.757],[-32.111,-151.757]],"c":true}]},{"i":{"x":0.833,"y":0.833},"o":{"x":0.167,"y":0.167},"n":"0p833_0p833_0p167_0p167","t":40,"s":[{"i":[[0,0],[0,0],[0,0],[0,0]],"o":[[0,0],[0,0],[0,0],[0,0]],"v":[[-32.111,21.757],[32.112,21.757],[32.112,-151.757],[-32.111,-151.757]],"c":true}],"e":[{"i":[[0,0],[0,0],[0,0],[0,0]],"o":[[0,0],[0,0],[0,0],[0,0]],"v":[[-32.111,79.257],[32.112,79.257],[32.112,-110.257],[-32.111,-110.257]],"c":true}]},{"t":45}],"ix":2},"nm":"Tracé 1","mn":"ADBE Vector Shape - Group","hd":false},{"ty":"fl","c":{"a":0,"k":[1,0.27450980392156865,0,1],"ix":4},"o":{"a":0,"k":100,"ix":5},"r":1,"nm":"Fond 1","mn":"ADBE Vector Graphic - Fill","hd":false},{"ty":"tr","p":{"a":0,"k":[400,464.919],"ix":2},"a":{"a":0,"k":[0,0],"ix":1},"s":{"a":0,"k":[100,100],"ix":3},"r":{"a":0,"k":0,"ix":6},"o":{"a":0,"k":100,"ix":7},"sk":{"a":0,"k":0,"ix":4},"sa":{"a":0,"k":0,"ix":5},"nm":"Transformer "}],"nm":"Groupe 5","np":2,"cix":2,"ix":1,"mn":"ADBE Vector Group","hd":false},{"ty":"gr","it":[{"ind":0,"ty":"sh","ix":1,"ks":{"a":1,"k":[{"i":{"x":0.833,"y":0.833},"o":{"x":0.167,"y":0.167},"n":"0p833_0p833_0p167_0p167","t":0,"s":[{"i":[[-4.547,0],[0,0],[0,-4.547],[0,0],[0,0],[4.547,0],[0,0],[0,4.547],[0,0],[0,0]],"o":[[0,0],[4.547,0],[0,0],[0,0],[0,4.547],[0,0],[-4.547,0],[0,0],[0,0],[0,-4.547]],"v":[[-112.211,-97.277],[112.212,-97.277],[120.444,-89.044],[120.444,-7.376],[120.444,69.046],[112.212,77.277],[-112.211,77.277],[-120.444,69.046],[-120.444,-14.051],[-120.444,-89.044]],"c":true}],"e":[{"i":[[-4.547,0],[0,0],[-1.789,-3.547],[-0.739,-40.6],[0,0],[4.547,0],[0,0],[0,4.547],[1.206,38.012],[-1.361,2.017]],"o":[[0,0],[4.547,0],[1.789,2.183],[0.739,40.6],[0,4.547],[0,0],[-4.547,0],[0,0],[-1.206,-38.012],[1.361,-3.381]],"v":[[-112.211,-68.277],[112.212,-68.277],[122.895,-62.145],[139.744,9.89],[120.444,69.046],[112.212,77.277],[-112.211,77.277],[-120.444,69.046],[-136.294,8.087],[-122.719,-60.044]],"c":true}]},{"i":{"x":0.833,"y":0.833},"o":{"x":0.167,"y":0.167},"n":"0p833_0p833_0p167_0p167","t":20,"s":[{"i":[[-4.547,0],[0,0],[-1.789,-3.547],[-0.739,-40.6],[0,0],[4.547,0],[0,0],[0,4.547],[1.206,38.012],[-1.361,2.017]],"o":[[0,0],[4.547,0],[1.789,2.183],[0.739,40.6],[0,4.547],[0,0],[-4.547,0],[0,0],[-1.206,-38.012],[1.361,-3.381]],"v":[[-112.211,-68.277],[112.212,-68.277],[122.895,-62.145],[139.744,9.89],[120.444,69.046],[112.212,77.277],[-112.211,77.277],[-120.444,69.046],[-136.294,8.087],[-122.719,-60.044]],"c":true}],"e":[{"i":[[-4.547,0],[0,0],[-1.789,-3.547],[-0.739,-40.6],[0,0],[4.547,0],[0,0],[0,4.547],[1.206,38.012],[-1.361,2.017]],"o":[[0,0],[4.547,0],[1.789,2.183],[0.739,40.6],[0,4.547],[0,0],[-4.547,0],[0,0],[-1.206,-38.012],[1.361,-3.381]],"v":[[-112.211,-68.277],[112.211,-68.277],[122.895,-62.145],[132.244,7.39],[120.445,69.046],[112.211,77.277],[-112.211,77.277],[-120.444,69.046],[-128.794,8.087],[-122.719,-60.044]],"c":true}]},{"i":{"x":0.833,"y":0.833},"o":{"x":0.167,"y":0.167},"n":"0p833_0p833_0p167_0p167","t":24,"s":[{"i":[[-4.547,0],[0,0],[-1.789,-3.547],[-0.739,-40.6],[0,0],[4.547,0],[0,0],[0,4.547],[1.206,38.012],[-1.361,2.017]],"o":[[0,0],[4.547,0],[1.789,2.183],[0.739,40.6],[0,4.547],[0,0],[-4.547,0],[0,0],[-1.206,-38.012],[1.361,-3.381]],"v":[[-112.211,-68.277],[112.211,-68.277],[122.895,-62.145],[132.244,7.39],[120.445,69.046],[112.211,77.277],[-112.211,77.277],[-120.444,69.046],[-128.794,8.087],[-122.719,-60.044]],"c":true}],"e":[{"i":[[-4.547,0],[0,0],[-1.789,-3.547],[-0.739,-40.6],[0,0],[4.547,0],[0,0],[0,4.547],[1.206,38.012],[-1.361,2.017]],"o":[[0,0],[4.547,0],[1.789,2.183],[0.739,40.6],[0,4.547],[0,0],[-4.547,0],[0,0],[-1.206,-38.012],[1.361,-3.381]],"v":[[-112.211,-68.277],[112.212,-68.277],[122.895,-62.145],[139.744,9.89],[120.444,69.046],[112.212,77.277],[-112.211,77.277],[-120.444,69.046],[-136.294,8.087],[-122.719,-60.044]],"c":true}]},{"i":{"x":0.833,"y":0.833},"o":{"x":0.167,"y":0.167},"n":"0p833_0p833_0p167_0p167","t":27,"s":[{"i":[[-4.547,0],[0,0],[-1.789,-3.547],[-0.739,-40.6],[0,0],[4.547,0],[0,0],[0,4.547],[1.206,38.012],[-1.361,2.017]],"o":[[0,0],[4.547,0],[1.789,2.183],[0.739,40.6],[0,4.547],[0,0],[-4.547,0],[0,0],[-1.206,-38.012],[1.361,-3.381]],"v":[[-112.211,-68.277],[112.212,-68.277],[122.895,-62.145],[139.744,9.89],[120.444,69.046],[112.212,77.277],[-112.211,77.277],[-120.444,69.046],[-136.294,8.087],[-122.719,-60.044]],"c":true}],"e":[{"i":[[-4.547,0],[0,0],[-1.789,-3.547],[-0.739,-40.6],[0,0],[4.547,0],[0,0],[0,4.547],[1.206,38.012],[-1.361,2.017]],"o":[[0,0],[4.547,0],[1.789,2.183],[0.739,40.6],[0,4.547],[0,0],[-4.547,0],[0,0],[-1.206,-38.012],[1.361,-3.381]],"v":[[-112.211,-68.277],[112.212,-68.277],[122.895,-62.145],[132.245,7.389],[120.445,69.046],[112.212,77.277],[-112.211,77.277],[-120.444,69.046],[-128.794,8.087],[-122.719,-60.044]],"c":true}]},{"i":{"x":0.833,"y":0.833},"o":{"x":0.167,"y":0.167},"n":"0p833_0p833_0p167_0p167","t":29,"s":[{"i":[[-4.547,0],[0,0],[-1.789,-3.547],[-0.739,-40.6],[0,0],[4.547,0],[0,0],[0,4.547],[1.206,38.012],[-1.361,2.017]],"o":[[0,0],[4.547,0],[1.789,2.183],[0.739,40.6],[0,4.547],[0,0],[-4.547,0],[0,0],[-1.206,-38.012],[1.361,-3.381]],"v":[[-112.211,-68.277],[112.212,-68.277],[122.895,-62.145],[132.245,7.389],[120.445,69.046],[112.212,77.277],[-112.211,77.277],[-120.444,69.046],[-128.794,8.087],[-122.719,-60.044]],"c":true}],"e":[{"i":[[-4.547,0],[0,0],[-1.789,-3.547],[-0.739,-40.6],[0,0],[4.547,0],[0,0],[0,4.547],[1.206,38.012],[-1.361,2.017]],"o":[[0,0],[4.547,0],[1.789,2.183],[0.739,40.6],[0,4.547],[0,0],[-4.547,0],[0,0],[-1.206,-38.012],[1.361,-3.381]],"v":[[-112.211,-68.277],[112.212,-68.277],[122.895,-62.145],[139.744,9.89],[120.444,69.046],[112.212,77.277],[-112.211,77.277],[-120.444,69.046],[-136.294,8.087],[-122.719,-60.044]],"c":true}]},{"i":{"x":0.833,"y":0.833},"o":{"x":0.167,"y":0.167},"n":"0p833_0p833_0p167_0p167","t":31,"s":[{"i":[[-4.547,0],[0,0],[-1.789,-3.547],[-0.739,-40.6],[0,0],[4.547,0],[0,0],[0,4.547],[1.206,38.012],[-1.361,2.017]],"o":[[0,0],[4.547,0],[1.789,2.183],[0.739,40.6],[0,4.547],[0,0],[-4.547,0],[0,0],[-1.206,-38.012],[1.361,-3.381]],"v":[[-112.211,-68.277],[112.212,-68.277],[122.895,-62.145],[139.744,9.89],[120.444,69.046],[112.212,77.277],[-112.211,77.277],[-120.444,69.046],[-136.294,8.087],[-122.719,-60.044]],"c":true}],"e":[{"i":[[-4.547,0],[0,0],[0,-4.547],[0,0],[0,0],[4.547,0],[0,0],[0,4.547],[0,0],[0,0]],"o":[[0,0],[4.547,0],[0,0],[0,0],[0,4.547],[0,0],[-4.547,0],[0,0],[0,0],[0,-4.547]],"v":[[-112.211,-81.277],[112.212,-81.277],[120.444,-73.044],[120.444,-7.376],[120.444,69.046],[112.212,77.277],[-112.211,77.277],[-120.444,69.046],[-120.444,-14.051],[-120.444,-73.044]],"c":true}]},{"i":{"x":0.833,"y":0.833},"o":{"x":0.167,"y":0.167},"n":"0p833_0p833_0p167_0p167","t":33,"s":[{"i":[[-4.547,0],[0,0],[0,-4.547],[0,0],[0,0],[4.547,0],[0,0],[0,4.547],[0,0],[0,0]],"o":[[0,0],[4.547,0],[0,0],[0,0],[0,4.547],[0,0],[-4.547,0],[0,0],[0,0],[0,-4.547]],"v":[[-112.211,-81.277],[112.212,-81.277],[120.444,-73.044],[120.444,-7.376],[120.444,69.046],[112.212,77.277],[-112.211,77.277],[-120.444,69.046],[-120.444,-14.051],[-120.444,-73.044]],"c":true}],"e":[{"i":[[-4.547,0],[0,0],[0,-4.547],[0,0],[0,0],[4.547,0],[0,0],[0,4.547],[0,0],[0,0]],"o":[[0,0],[4.547,0],[0,0],[0,0],[0,4.547],[0,0],[-4.547,0],[0,0],[0,0],[0,-4.547]],"v":[[-112.211,-154.777],[112.212,-154.777],[120.444,-146.544],[120.444,-64.876],[120.444,11.546],[112.212,19.777],[-112.211,19.777],[-120.444,11.546],[-120.444,-71.551],[-120.444,-146.544]],"c":true}]},{"i":{"x":0.833,"y":0.833},"o":{"x":0.167,"y":0.167},"n":"0p833_0p833_0p167_0p167","t":39,"s":[{"i":[[-4.547,0],[0,0],[0,-4.547],[0,0],[0,0],[4.547,0],[0,0],[0,4.547],[0,0],[0,0]],"o":[[0,0],[4.547,0],[0,0],[0,0],[0,4.547],[0,0],[-4.547,0],[0,0],[0,0],[0,-4.547]],"v":[[-112.211,-154.777],[112.212,-154.777],[120.444,-146.544],[120.444,-64.876],[120.444,11.546],[112.212,19.777],[-112.211,19.777],[-120.444,11.546],[-120.444,-71.551],[-120.444,-146.544]],"c":true}],"e":[{"i":[[-4.547,0],[0,0],[0,-4.547],[0,0],[0,0],[4.547,0],[0,0],[0,4.547],[0,0],[0,0]],"o":[[0,0],[4.547,0],[0,0],[0,0],[0,4.547],[0,0],[-4.547,0],[0,0],[0,0],[0,-4.547]],"v":[[-112.211,-154.777],[112.212,-154.777],[120.444,-146.544],[120.444,-64.876],[120.444,11.546],[112.212,19.777],[-112.211,19.777],[-120.444,11.546],[-120.444,-71.551],[-120.444,-146.544]],"c":true}]},{"i":{"x":0.833,"y":0.833},"o":{"x":0.167,"y":0.167},"n":"0p833_0p833_0p167_0p167","t":40,"s":[{"i":[[-4.547,0],[0,0],[0,-4.547],[0,0],[0,0],[4.547,0],[0,0],[0,4.547],[0,0],[0,0]],"o":[[0,0],[4.547,0],[0,0],[0,0],[0,4.547],[0,0],[-4.547,0],[0,0],[0,0],[0,-4.547]],"v":[[-112.211,-154.777],[112.212,-154.777],[120.444,-146.544],[120.444,-64.876],[120.444,11.546],[112.212,19.777],[-112.211,19.777],[-120.444,11.546],[-120.444,-71.551],[-120.444,-146.544]],"c":true}],"e":[{"i":[[-4.547,0],[0,0],[0,-4.547],[0,0],[0,0],[4.547,0],[0,0],[0,4.547],[0,0],[0,0]],"o":[[0,0],[4.547,0],[0,0],[0,0],[0,4.547],[0,0],[-4.547,0],[0,0],[0,0],[0,-4.547]],"v":[[-112.211,-113.277],[112.212,-113.277],[120.444,-105.044],[120.444,-7.376],[120.444,69.046],[112.212,77.277],[-112.211,77.277],[-120.444,69.046],[-120.444,-14.051],[-120.444,-105.044]],"c":true}]},{"t":45}],"ix":2},"nm":"Tracé 1","mn":"ADBE Vector Shape - Group","hd":false},{"ty":"st","c":{"a":0,"k":[1,0.27450980392156865,0,1],"ix":3},"o":{"a":0,"k":100,"ix":4},"w":{"a":0,"k":16,"ix":5},"lc":2,"lj":2,"nm":"Contour 1","mn":"ADBE Vector Graphic - Stroke","hd":false},{"ty":"fl","c":{"a":0,"k":[1,1,1,1],"ix":4},"o":{"a":0,"k":100,"ix":5},"r":1,"nm":"Fond 1","mn":"ADBE Vector Graphic - Fill","hd":false},{"ty":"tr","p":{"a":0,"k":[400,466.925],"ix":2},"a":{"a":0,"k":[0,0],"ix":1},"s":{"a":0,"k":[100,100],"ix":3},"r":{"a":0,"k":0,"ix":6},"o":{"a":0,"k":100,"ix":7},"sk":{"a":0,"k":0,"ix":4},"sa":{"a":0,"k":0,"ix":5},"nm":"Transformer "}],"nm":"Groupe 6","np":3,"cix":2,"ix":2,"mn":"ADBE Vector Group","hd":false}],"ip":0,"op":180,"st":0,"bm":0},{"ddd":0,"ind":18,"ty":4,"nm":"ombre","sr":1,"ks":{"o":{"a":0,"k":100,"ix":11},"r":{"a":0,"k":0,"ix":10},"p":{"a":0,"k":[400,547,0],"ix":2},"a":{"a":0,"k":[190.443,223.461,0],"ix":1},"s":{"a":0,"k":[74,32,100],"ix":6}},"ao":0,"shapes":[{"ty":"gr","it":[{"ind":0,"ty":"sh","ix":1,"ks":{"a":0,"k":{"i":[[96.895,0],[0,-22.346],[-96.895,0],[0,22.346]],"o":[[-96.895,0],[0,22.346],[96.895,0],[0,-22.346]],"v":[[0,-40.461],[-175.443,0],[0,40.461],[175.443,0]],"c":true},"ix":2},"nm":"Tracé 1","mn":"ADBE Vector Shape - Group","hd":false},{"ty":"st","c":{"a":0,"k":[1,1,1,1],"ix":3},"o":{"a":0,"k":100,"ix":4},"w":{"a":0,"k":30,"ix":5},"lc":1,"lj":1,"ml":4,"ml2":{"a":0,"k":4,"ix":8},"nm":"Contour 1","mn":"ADBE Vector Graphic - Stroke","hd":true},{"ty":"fl","c":{"a":0,"k":[0.7058823529411765,0.7058823529411765,0.7058823529411765,1],"ix":4},"o":{"a":0,"k":100,"ix":5},"r":1,"nm":"Fond 1","mn":"ADBE Vector Graphic - Fill","hd":false},{"ty":"tr","p":{"a":0,"k":[190.443,223.461],"ix":2},"a":{"a":0,"k":[0,0],"ix":1},"s":{"a":0,"k":[100,100],"ix":3},"r":{"a":0,"k":0,"ix":6},"o":{"a":0,"k":100,"ix":7},"sk":{"a":0,"k":0,"ix":4},"sa":{"a":0,"k":0,"ix":5},"nm":"Transformer "}],"nm":"Ellipse 1","np":3,"cix":2,"ix":1,"mn":"ADBE Vector Group","hd":false}],"ip":0,"op":180,"st":0,"bm":0}],"markers":[]}