{"v":"5.2.1","fr":60,"ip":0,"op":360,"w":1080,"h":1080,"nm":"Dog swimming","ddd":0,"assets":[],"layers":[{"ddd":0,"ind":1,"ty":4,"nm":"Dog swimming Outlines","sr":1,"ks":{"o":{"a":0,"k":100,"ix":11},"r":{"a":0,"k":0,"ix":10},"p":{"a":0,"k":[540,516,0],"ix":2},"a":{"a":0,"k":[540,540,0],"ix":1},"s":{"a":0,"k":[100,100,100],"ix":6}},"ao":0,"shapes":[{"ty":"gr","it":[{"ind":0,"ty":"sh","ix":1,"ks":{"a":1,"k":[{"i":{"x":0.833,"y":0.833},"o":{"x":0.167,"y":0.167},"n":"0p833_0p833_0p167_0p167","t":0,"s":[{"i":[[-8.06,11.343],[-11.941,-35.223],[-16.119,-22.985],[28.488,-33.207],[17.611,8.657],[-5.075,48.953],[4.528,38.096]],"o":[[8.955,0.298],[11.939,35.222],[16.119,22.983],[-9.371,10.923],[-17.612,-8.656],[5.074,-48.954],[-3.178,-26.736]],"v":[[-39.699,-119.399],[9.852,-85.967],[47.163,-2.089],[47.163,91.937],[9.809,104.369],[-7.623,40.432],[-34.236,-72.736]],"c":true}],"e":[{"i":[[5.991,-0.491],[-11.941,-35.223],[-16.119,-22.985],[-3.121,-28.827],[-1.816,19.539],[36.665,51.678],[13.478,41.397]],"o":[[8.955,0.298],[11.939,35.222],[16.119,22.983],[4.709,43.498],[0.233,-2.509],[-8.038,-4.369],[-9.432,-28.969]],"v":[[-39.699,-119.399],[9.852,-85.967],[47.163,-2.089],[79.663,70.687],[38.559,92.869],[14.627,13.932],[-6.736,-71.236]],"c":true}]},{"i":{"x":0.833,"y":0.833},"o":{"x":0.167,"y":0.167},"n":"0p833_0p833_0p167_0p167","t":180,"s":[{"i":[[5.991,-0.491],[-11.941,-35.223],[-16.119,-22.985],[-3.121,-28.827],[-1.816,19.539],[36.665,51.678],[13.478,41.397]],"o":[[8.955,0.298],[11.939,35.222],[16.119,22.983],[4.709,43.498],[0.233,-2.509],[-8.038,-4.369],[-9.432,-28.969]],"v":[[-39.699,-119.399],[9.852,-85.967],[47.163,-2.089],[79.663,70.687],[38.559,92.869],[14.627,13.932],[-6.736,-71.236]],"c":true}],"e":[{"i":[[-8.06,11.343],[-11.941,-35.223],[-16.119,-22.985],[28.488,-33.207],[17.611,8.657],[-5.075,48.953],[4.528,38.096]],"o":[[8.955,0.298],[11.939,35.222],[16.119,22.983],[-9.371,10.923],[-17.612,-8.656],[5.074,-48.954],[-3.178,-26.736]],"v":[[-39.699,-119.399],[9.852,-85.967],[47.163,-2.089],[47.163,91.937],[9.809,104.369],[-7.623,40.432],[-34.236,-72.736]],"c":true}]},{"t":359}],"ix":2},"nm":"Path 1","mn":"ADBE Vector Shape - Group","hd":false},{"ty":"fl","c":{"a":0,"k":[1,0.552999997606,0.463000009574,1],"ix":4},"o":{"a":0,"k":100,"ix":5},"r":1,"nm":"Fill 1","mn":"ADBE Vector Graphic - Fill","hd":false},{"ty":"tr","p":{"a":0,"k":[659.708,424.639],"ix":2},"a":{"a":0,"k":[0,0],"ix":1},"s":{"a":0,"k":[100,100],"ix":3},"r":{"a":0,"k":0,"ix":6},"o":{"a":0,"k":100,"ix":7},"sk":{"a":0,"k":0,"ix":4},"sa":{"a":0,"k":0,"ix":5},"nm":"Transform"}],"nm":"Group 14","np":2,"cix":2,"ix":1,"mn":"ADBE Vector Group","hd":false},{"ty":"gr","it":[{"ind":0,"ty":"sh","ix":1,"ks":{"a":1,"k":[{"i":{"x":0.833,"y":0.833},"o":{"x":0.167,"y":0.167},"n":"0p833_0p833_0p167_0p167","t":0,"s":[{"i":[[-18.507,15.785],[-12.701,0],[-6.895,-8.738],[29.619,0]],"o":[[6.23,-5.313],[12.7,0],[6.895,8.738],[-29.619,0]],"v":[[-63.756,-6.071],[-23.114,-10.863],[21.519,-1.561],[-20.348,16.48]],"c":true}],"e":[{"i":[[-35.58,30.35],[-24.418,0],[-13.255,-16.801],[56.945,0]],"o":[[11.977,-10.215],[24.417,0],[13.256,16.8],[-56.945,0]],"v":[[-78.101,-17.058],[0.037,-26.271],[85.847,-8.386],[5.355,26.298]],"c":true}]},{"i":{"x":0.833,"y":0.833},"o":{"x":0.167,"y":0.167},"n":"0p833_0p833_0p167_0p167","t":180,"s":[{"i":[[-35.58,30.35],[-24.418,0],[-13.255,-16.801],[56.945,0]],"o":[[11.977,-10.215],[24.417,0],[13.256,16.8],[-56.945,0]],"v":[[-78.101,-17.058],[0.037,-26.271],[85.847,-8.386],[5.355,26.298]],"c":true}],"e":[{"i":[[-18.508,15.785],[-12.701,0],[-6.895,-8.738],[29.619,0]],"o":[[6.23,-5.313],[12.7,0],[6.895,8.738],[-29.619,0]],"v":[[-63.756,-6.071],[-23.114,-10.863],[21.519,-1.561],[-20.348,16.48]],"c":true}]},{"t":359}],"ix":2},"nm":"Path 1","mn":"ADBE Vector Shape - Group","hd":false},{"ty":"fl","c":{"a":0,"k":[0.6,0.677999997606,0.976000019148,1],"ix":4},"o":{"a":0,"k":100,"ix":5},"r":1,"nm":"Fill 1","mn":"ADBE Vector Graphic - Fill","hd":false},{"ty":"tr","p":{"a":0,"k":[872.896,754.863],"ix":2},"a":{"a":0,"k":[0,0],"ix":1},"s":{"a":0,"k":[100,100],"ix":3},"r":{"a":0,"k":0,"ix":6},"o":{"a":0,"k":60,"ix":7},"sk":{"a":0,"k":0,"ix":4},"sa":{"a":0,"k":0,"ix":5},"nm":"Transform"}],"nm":"Group 1","np":2,"cix":2,"ix":2,"mn":"ADBE Vector Group","hd":false},{"ty":"gr","it":[{"ind":0,"ty":"sh","ix":1,"ks":{"a":0,"k":{"i":[[0,0],[5.44,10.815]],"o":[[0,0],[0,0]],"v":[[-0.026,10.194],[-2.72,-10.195]],"c":false},"ix":2},"nm":"Path 1","mn":"ADBE Vector Shape - Group","hd":false},{"ty":"st","c":{"a":0,"k":[0.992156922583,0.580392156863,0.20000001496,1],"ix":3},"o":{"a":0,"k":100,"ix":4},"w":{"a":0,"k":7,"ix":5},"lc":2,"lj":1,"ml":10,"ml2":{"a":0,"k":10,"ix":8},"nm":"Stroke 1","mn":"ADBE Vector Graphic - Stroke","hd":false},{"ty":"tr","p":{"a":1,"k":[{"i":{"x":0.833,"y":0.833},"o":{"x":0.167,"y":0.167},"n":"0p833_0p833_0p167_0p167","t":0,"s":[660.225,621.047],"e":[735.225,602.047],"to":[12.5,-3.16666674613953],"ti":[0,0]},{"i":{"x":0.833,"y":0.833},"o":{"x":0.167,"y":0.167},"n":"0p833_0p833_0p167_0p167","t":180,"s":[735.225,602.047],"e":[660.225,621.047],"to":[0,0],"ti":[12.5,-3.16666674613953]},{"t":359}],"ix":2},"a":{"a":0,"k":[0,0],"ix":1},"s":{"a":0,"k":[100,100],"ix":3},"r":{"a":0,"k":0,"ix":6},"o":{"a":0,"k":100,"ix":7},"sk":{"a":0,"k":0,"ix":4},"sa":{"a":0,"k":0,"ix":5},"nm":"Transform"}],"nm":"Group 2","np":2,"cix":2,"ix":3,"mn":"ADBE Vector Group","hd":false},{"ty":"gr","it":[{"ind":0,"ty":"sh","ix":1,"ks":{"a":0,"k":{"i":[[0,0],[5.439,10.814]],"o":[[0,0],[0,0]],"v":[[-1.759,11.392],[-2.719,-11.393]],"c":false},"ix":2},"nm":"Path 1","mn":"ADBE Vector Shape - Group","hd":false},{"ty":"st","c":{"a":0,"k":[0.992156922583,0.6,0.231372563979,1],"ix":3},"o":{"a":0,"k":100,"ix":4},"w":{"a":0,"k":7,"ix":5},"lc":2,"lj":1,"ml":10,"ml2":{"a":0,"k":10,"ix":8},"nm":"Stroke 1","mn":"ADBE Vector Graphic - Stroke","hd":false},{"ty":"tr","p":{"a":1,"k":[{"i":{"x":0.833,"y":0.833},"o":{"x":0.167,"y":0.167},"n":"0p833_0p833_0p167_0p167","t":0,"s":[623.612,624.245],"e":[701.612,604.245],"to":[13,-3.33333325386047],"ti":[0,0]},{"i":{"x":0.833,"y":0.833},"o":{"x":0.167,"y":0.167},"n":"0p833_0p833_0p167_0p167","t":180,"s":[701.612,604.245],"e":[623.612,624.245],"to":[0,0],"ti":[13,-3.33333325386047]},{"t":359}],"ix":2},"a":{"a":0,"k":[0,0],"ix":1},"s":{"a":0,"k":[100,100],"ix":3},"r":{"a":0,"k":0,"ix":6},"o":{"a":0,"k":100,"ix":7},"sk":{"a":0,"k":0,"ix":4},"sa":{"a":0,"k":0,"ix":5},"nm":"Transform"}],"nm":"Group 3","np":2,"cix":2,"ix":4,"mn":"ADBE Vector Group","hd":false},{"ty":"gr","it":[{"ind":0,"ty":"sh","ix":1,"ks":{"a":1,"k":[{"i":{"x":0.833,"y":0.833},"o":{"x":0.167,"y":0.167},"n":"0p833_0p833_0p167_0p167","t":0,"s":[{"i":[[0,0],[-8.523,10.648]],"o":[[0,0],[0,0]],"v":[[-10.026,18.194],[-4.22,-6.195]],"c":false}],"e":[{"i":[[0,0],[5.439,10.815]],"o":[[0,0],[0,0]],"v":[[-0.026,10.194],[-2.72,-10.195]],"c":false}]},{"i":{"x":0.833,"y":0.833},"o":{"x":0.167,"y":0.167},"n":"0p833_0p833_0p167_0p167","t":180,"s":[{"i":[[0,0],[5.439,10.815]],"o":[[0,0],[0,0]],"v":[[-0.026,10.194],[-2.72,-10.195]],"c":false}],"e":[{"i":[[0,0],[-8.523,10.648]],"o":[[0,0],[0,0]],"v":[[-10.026,18.194],[-4.22,-6.195]],"c":false}]},{"t":359}],"ix":2},"nm":"Path 1","mn":"ADBE Vector Shape - Group","hd":false},{"ty":"st","c":{"a":0,"k":[0.992156922817,0.580392181873,0.200000017881,1],"ix":3},"o":{"a":0,"k":100,"ix":4},"w":{"a":0,"k":7,"ix":5},"lc":2,"lj":1,"ml":10,"ml2":{"a":0,"k":10,"ix":8},"nm":"Stroke 1","mn":"ADBE Vector Graphic - Stroke","hd":false},{"ty":"tr","p":{"a":1,"k":[{"i":{"x":0.833,"y":0.833},"o":{"x":0.167,"y":0.167},"n":"0p833_0p833_0p167_0p167","t":0,"s":[457.742,613.547],"e":[515.242,603.047],"to":[9.58333301544189,-1.75],"ti":[0,0]},{"i":{"x":0.833,"y":0.833},"o":{"x":0.167,"y":0.167},"n":"0p833_0p833_0p167_0p167","t":180,"s":[515.242,603.047],"e":[457.742,613.547],"to":[0,0],"ti":[9.58333301544189,-1.75]},{"t":359}],"ix":2},"a":{"a":0,"k":[0,0],"ix":1},"s":{"a":0,"k":[100,100],"ix":3},"r":{"a":0,"k":0,"ix":6},"o":{"a":0,"k":100,"ix":7},"sk":{"a":0,"k":0,"ix":4},"sa":{"a":0,"k":0,"ix":5},"nm":"Transform"}],"nm":"Group 4","np":2,"cix":2,"ix":5,"mn":"ADBE Vector Group","hd":false},{"ty":"gr","it":[{"ind":0,"ty":"sh","ix":1,"ks":{"a":1,"k":[{"i":{"x":0.833,"y":0.833},"o":{"x":0.167,"y":0.167},"n":"0p833_0p833_0p167_0p167","t":0,"s":[{"i":[[0,0],[-7.409,10.147]],"o":[[0,0],[0,0]],"v":[[-69.76,13.392],[-65.72,-8.893]],"c":false}],"e":[{"i":[[0,0],[5.44,10.814]],"o":[[0,0],[0,0]],"v":[[-1.76,11.392],[-2.72,-11.393]],"c":false}]},{"i":{"x":0.833,"y":0.833},"o":{"x":0.167,"y":0.167},"n":"0p833_0p833_0p167_0p167","t":180,"s":[{"i":[[0,0],[5.44,10.814]],"o":[[0,0],[0,0]],"v":[[-1.76,11.392],[-2.72,-11.393]],"c":false}],"e":[{"i":[[0,0],[-7.409,10.147]],"o":[[0,0],[0,0]],"v":[[-69.76,13.392],[-65.72,-8.893]],"c":false}]},{"t":359}],"ix":2},"nm":"Path 1","mn":"ADBE Vector Shape - Group","hd":false},{"ty":"st","c":{"a":0,"k":[0.992156922817,0.580392181873,0.200000017881,1],"ix":3},"o":{"a":0,"k":100,"ix":4},"w":{"a":0,"k":7,"ix":5},"lc":2,"lj":1,"ml":10,"ml2":{"a":0,"k":10,"ix":8},"nm":"Stroke 1","mn":"ADBE Vector Graphic - Stroke","hd":false},{"ty":"tr","p":{"a":0,"k":[481.629,604.245],"ix":2},"a":{"a":0,"k":[0,0],"ix":1},"s":{"a":0,"k":[100,100],"ix":3},"r":{"a":0,"k":0,"ix":6},"o":{"a":0,"k":100,"ix":7},"sk":{"a":0,"k":0,"ix":4},"sa":{"a":0,"k":0,"ix":5},"nm":"Transform"}],"nm":"Group 5","np":2,"cix":2,"ix":6,"mn":"ADBE Vector Group","hd":false},{"ty":"gr","it":[{"ind":0,"ty":"sh","ix":1,"ks":{"a":1,"k":[{"i":{"x":0.833,"y":0.833},"o":{"x":0.167,"y":0.167},"n":"0p833_0p833_0p167_0p167","t":0,"s":[{"i":[[0,0],[2.194,-16.08]],"o":[[0,0],[0,0]],"v":[[-101.191,1.64],[-102.597,32.36]],"c":false}],"e":[{"i":[[0,0],[2.194,-16.08]],"o":[[0,0],[0,0]],"v":[[0.309,-15.36],[-1.097,15.36]],"c":false}]},{"i":{"x":0.833,"y":0.833},"o":{"x":0.167,"y":0.167},"n":"0p833_0p833_0p167_0p167","t":180,"s":[{"i":[[0,0],[2.194,-16.08]],"o":[[0,0],[0,0]],"v":[[0.309,-15.36],[-1.097,15.36]],"c":false}],"e":[{"i":[[0,0],[2.194,-16.08]],"o":[[0,0],[0,0]],"v":[[-101.191,1.64],[-102.597,32.36]],"c":false}]},{"t":359}],"ix":2},"nm":"Path 1","mn":"ADBE Vector Shape - Group","hd":false},{"ty":"st","c":{"a":0,"k":[0.109999997008,0.19199999641,0.46699999641,1],"ix":3},"o":{"a":0,"k":100,"ix":4},"w":{"a":0,"k":7,"ix":5},"lc":2,"lj":1,"ml":10,"ml2":{"a":0,"k":10,"ix":8},"nm":"Stroke 1","mn":"ADBE Vector Graphic - Stroke","hd":false},{"ty":"tr","p":{"a":0,"k":[627.113,496.521],"ix":2},"a":{"a":0,"k":[0,0],"ix":1},"s":{"a":0,"k":[100,100],"ix":3},"r":{"a":0,"k":0,"ix":6},"o":{"a":0,"k":100,"ix":7},"sk":{"a":0,"k":0,"ix":4},"sa":{"a":0,"k":0,"ix":5},"nm":"Transform"}],"nm":"Group 6","np":2,"cix":2,"ix":7,"mn":"ADBE Vector Group","hd":false},{"ty":"gr","it":[{"ind":0,"ty":"sh","ix":1,"ks":{"a":1,"k":[{"i":{"x":0.833,"y":0.833},"o":{"x":0.167,"y":0.167},"n":"0p833_0p833_0p167_0p167","t":0,"s":[{"i":[[-2.399,14.16],[-3.32,-7.2],[10.559,0]],"o":[[0.916,-5.401],[3.321,7.2],[-10.561,0]],"v":[[-121.101,-5.74],[-78.821,-5.74],[-96.38,19.94]],"c":true}],"e":[{"i":[[-2.399,14.16],[-3.32,-7.2],[10.559,0]],"o":[[0.916,-5.401],[3.321,7.2],[-10.561,0]],"v":[[-21.601,-9.24],[20.679,-9.24],[3.12,16.44]],"c":true}]},{"i":{"x":0.833,"y":0.833},"o":{"x":0.167,"y":0.167},"n":"0p833_0p833_0p167_0p167","t":180,"s":[{"i":[[-2.399,14.16],[-3.32,-7.2],[10.559,0]],"o":[[0.916,-5.401],[3.321,7.2],[-10.561,0]],"v":[[-21.601,-9.24],[20.679,-9.24],[3.12,16.44]],"c":true}],"e":[{"i":[[-2.399,14.16],[-3.32,-7.2],[10.559,0]],"o":[[0.916,-5.401],[3.321,7.2],[-10.561,0]],"v":[[-121.101,-5.74],[-78.821,-5.74],[-96.38,19.94]],"c":true}]},{"t":359}],"ix":2},"nm":"Path 1","mn":"ADBE Vector Shape - Group","hd":false},{"ty":"fl","c":{"a":0,"k":[0.109999997008,0.19199999641,0.46699999641,1],"ix":4},"o":{"a":0,"k":100,"ix":5},"r":1,"nm":"Fill 1","mn":"ADBE Vector Graphic - Fill","hd":false},{"ty":"tr","p":{"a":0,"k":[623.29,480.081],"ix":2},"a":{"a":0,"k":[0,0],"ix":1},"s":{"a":0,"k":[100,100],"ix":3},"r":{"a":0,"k":0,"ix":6},"o":{"a":0,"k":100,"ix":7},"sk":{"a":0,"k":0,"ix":4},"sa":{"a":0,"k":0,"ix":5},"nm":"Transform"}],"nm":"Group 7","np":2,"cix":2,"ix":8,"mn":"ADBE Vector Group","hd":false},{"ty":"gr","it":[{"ind":0,"ty":"sh","ix":1,"ks":{"a":1,"k":[{"i":{"x":0.833,"y":0.833},"o":{"x":0.167,"y":0.167},"n":"0p833_0p833_0p167_0p167","t":0,"s":[{"i":[[0.603,4.731],[5.963,2.379],[1.536,-7.998],[-5.111,0.295]],"o":[[-0.549,-4.31],[-5.962,-2.379],[-1.537,7.999],[5.111,-0.295]],"v":[[-44.114,3.099],[-61.539,-5.873],[-76.655,0.409],[-58.093,10.788]],"c":true}],"e":[{"i":[[-0.429,4.75],[5.311,3.607],[3.221,-7.48],[-5.055,-0.812]],"o":[[0.391,-4.327],[-5.31,-3.606],[-3.222,7.481],[5.055,0.812]],"v":[[17.016,5.899],[1.93,-6.612],[-14.184,-3.732],[1.709,10.399]],"c":true}]},{"i":{"x":0.833,"y":0.833},"o":{"x":0.167,"y":0.167},"n":"0p833_0p833_0p167_0p167","t":180,"s":[{"i":[[-0.429,4.75],[5.311,3.607],[3.221,-7.48],[-5.055,-0.812]],"o":[[0.391,-4.327],[-5.31,-3.606],[-3.222,7.481],[5.055,0.812]],"v":[[17.016,5.899],[1.93,-6.612],[-14.184,-3.732],[1.709,10.399]],"c":true}],"e":[{"i":[[0.603,4.731],[5.963,2.379],[1.536,-7.998],[-5.111,0.295]],"o":[[-0.549,-4.31],[-5.962,-2.379],[-1.537,7.999],[5.111,-0.295]],"v":[[-44.114,3.099],[-61.539,-5.873],[-76.655,0.409],[-58.093,10.788]],"c":true}]},{"t":359}],"ix":2},"nm":"Path 1","mn":"ADBE Vector Shape - Group","hd":false},{"ty":"fl","c":{"a":0,"k":[1,0.552999997606,0.463000009574,1],"ix":4},"o":{"a":0,"k":100,"ix":5},"r":1,"nm":"Fill 1","mn":"ADBE Vector Graphic - Fill","hd":false},{"ty":"tr","p":{"a":1,"k":[{"i":{"x":0.833,"y":0.833},"o":{"x":0.167,"y":0.167},"n":"0p833_0p833_0p167_0p167","t":180,"s":[639.903,387.207],"e":[640.403,398.707],"to":[0.08333333581686,1.91666662693024],"ti":[0,0]},{"i":{"x":0.833,"y":0.833},"o":{"x":0.167,"y":0.167},"n":"0p833_0p833_0p167_0p167","t":190,"s":[640.403,398.707],"e":[639.903,387.207],"to":[0,0],"ti":[0.08333333581686,1.91666662693024]},{"t":200}],"ix":2},"a":{"a":0,"k":[0,0],"ix":1},"s":{"a":0,"k":[100,100],"ix":3},"r":{"a":0,"k":0,"ix":6},"o":{"a":0,"k":100,"ix":7},"sk":{"a":0,"k":0,"ix":4},"sa":{"a":0,"k":0,"ix":5},"nm":"Transform"}],"nm":"Group 8","np":2,"cix":2,"ix":9,"mn":"ADBE Vector Group","hd":false},{"ty":"gr","it":[{"ind":0,"ty":"sh","ix":1,"ks":{"a":1,"k":[{"i":{"x":0.833,"y":0.833},"o":{"x":0.167,"y":0.167},"n":"0p833_0p833_0p167_0p167","t":0,"s":[{"i":[[-0.898,5.186],[-7.112,1.874],[-1.489,-9.099],[6.003,0.992]],"o":[[0.818,-4.724],[7.112,-1.874],[1.489,9.1],[-6.005,-0.992]],"v":[[-86.955,3.485],[-66.089,-4.233],[-48.546,4.721],[-70.807,13.858]],"c":true}],"e":[{"i":[[1.06,5.155],[-5.935,4.344],[-4.713,-7.924],[5.95,-1.273]],"o":[[-0.966,-4.696],[5.934,-4.345],[4.714,7.925],[-5.952,1.273]],"v":[[-19.974,7.833],[-3.376,-6.981],[16.226,-5.064],[-1.151,11.582]],"c":true}]},{"i":{"x":0.833,"y":0.833},"o":{"x":0.167,"y":0.167},"n":"0p833_0p833_0p167_0p167","t":180,"s":[{"i":[[1.06,5.155],[-5.935,4.344],[-4.713,-7.924],[5.95,-1.273]],"o":[[-0.966,-4.696],[5.934,-4.345],[4.714,7.925],[-5.952,1.273]],"v":[[-19.974,7.833],[-3.376,-6.981],[16.226,-5.064],[-1.151,11.582]],"c":true}],"e":[{"i":[[-0.898,5.186],[-7.112,1.874],[-1.489,-9.099],[6.003,0.992]],"o":[[0.818,-4.724],[7.112,-1.874],[1.489,9.1],[-6.005,-0.992]],"v":[[-86.955,3.485],[-66.089,-4.233],[-48.546,4.721],[-70.807,13.858]],"c":true}]},{"t":359}],"ix":2},"nm":"Path 1","mn":"ADBE Vector Shape - Group","hd":false},{"ty":"fl","c":{"a":0,"k":[1,0.552999997606,0.463000009574,1],"ix":4},"o":{"a":0,"k":100,"ix":5},"r":1,"nm":"Fill 1","mn":"ADBE Vector Graphic - Fill","hd":false},{"ty":"tr","p":{"a":1,"k":[{"i":{"x":0.833,"y":0.833},"o":{"x":0.167,"y":0.167},"n":"0p833_0p833_0p167_0p167","t":180,"s":[538.372,387.533],"e":[538.372,401.033],"to":[0,2.25],"ti":[0,0]},{"i":{"x":0.833,"y":0.833},"o":{"x":0.167,"y":0.167},"n":"0p833_0p833_0p167_0p167","t":190,"s":[538.372,401.033],"e":[538.372,387.533],"to":[0,0],"ti":[0,2.25]},{"t":200}],"ix":2},"a":{"a":0,"k":[0,0],"ix":1},"s":{"a":0,"k":[100,100],"ix":3},"r":{"a":0,"k":0,"ix":6},"o":{"a":0,"k":100,"ix":7},"sk":{"a":0,"k":0,"ix":4},"sa":{"a":0,"k":0,"ix":5},"nm":"Transform"}],"nm":"Group 9","np":2,"cix":2,"ix":10,"mn":"ADBE Vector Group","hd":false},{"ty":"gr","it":[{"ind":0,"ty":"sh","ix":1,"ks":{"a":1,"k":[{"i":{"x":0.833,"y":0.833},"o":{"x":0.167,"y":0.167},"n":"0p833_0p833_0p167_0p167","t":0,"s":[{"i":[[0,-7.158],[7.158,0],[0,7.158],[-7.157,0]],"o":[[0,7.158],[-7.157,0],[0,-7.158],[7.158,0]],"v":[[-59.54,-3],[-72.5,9.96],[-85.46,-3],[-72.5,-15.96]],"c":true}],"e":[{"i":[[0,-7.158],[7.158,0],[0,7.158],[-7.157,0]],"o":[[0,7.158],[-7.157,0],[0,-7.158],[7.158,0]],"v":[[12.96,0],[0,12.96],[-12.96,0],[0,-12.96]],"c":true}]},{"i":{"x":0.833,"y":0.833},"o":{"x":0.167,"y":0.167},"n":"0p833_0p833_0p167_0p167","t":180,"s":[{"i":[[0,-7.158],[7.158,0],[0,7.158],[-7.157,0]],"o":[[0,7.158],[-7.157,0],[0,-7.158],[7.158,0]],"v":[[12.96,0],[0,12.96],[-12.96,0],[0,-12.96]],"c":true}],"e":[{"i":[[0,-7.158],[7.158,0],[0,7.158],[-7.157,0]],"o":[[0,7.158],[-7.157,0],[0,-7.158],[7.158,0]],"v":[[-59.54,-3],[-72.5,9.96],[-85.46,-3],[-72.5,-15.96]],"c":true}]},{"t":359}],"ix":2},"nm":"Path 1","mn":"ADBE Vector Shape - Group","hd":false},{"ty":"fl","c":{"a":0,"k":[0.109999997008,0.19199999641,0.46699999641,1],"ix":4},"o":{"a":0,"k":100,"ix":5},"r":1,"nm":"Fill 1","mn":"ADBE Vector Graphic - Fill","hd":false},{"ty":"tr","p":{"a":0,"k":[643.97,428.281],"ix":2},"a":{"a":0,"k":[0,0],"ix":1},"s":{"a":1,"k":[{"i":{"x":[0.833,0.833],"y":[0.833,0.833]},"o":{"x":[0.167,0.167],"y":[0.167,0.167]},"n":["0p833_0p833_0p167_0p167","0p833_0p833_0p167_0p167"],"t":180,"s":[100,100],"e":[100,0]},{"i":{"x":[0.833,0.833],"y":[0.833,0.833]},"o":{"x":[0.167,0.167],"y":[0.167,0.167]},"n":["0p833_0p833_0p167_0p167","0p833_0p833_0p167_0p167"],"t":190,"s":[100,0],"e":[100,100]},{"t":200}],"ix":3},"r":{"a":0,"k":0,"ix":6},"o":{"a":0,"k":100,"ix":7},"sk":{"a":0,"k":0,"ix":4},"sa":{"a":0,"k":0,"ix":5},"nm":"Transform"}],"nm":"Group 10","np":2,"cix":2,"ix":11,"mn":"ADBE Vector Group","hd":false},{"ty":"gr","it":[{"ind":0,"ty":"sh","ix":1,"ks":{"a":1,"k":[{"i":{"x":0.833,"y":0.833},"o":{"x":0.167,"y":0.167},"n":"0p833_0p833_0p167_0p167","t":0,"s":[{"i":[[0,-7.158],[7.158,0],[0,7.158],[-7.157,0]],"o":[[0,7.158],[-7.157,0],[0,-7.158],[7.158,0]],"v":[[-51.54,-3.5],[-64.5,9.46],[-77.46,-3.5],[-64.5,-16.46]],"c":true}],"e":[{"i":[[0,-7.158],[7.158,0],[0,7.158],[-7.157,0]],"o":[[0,7.158],[-7.157,0],[0,-7.158],[7.158,0]],"v":[[12.96,0],[0,12.96],[-12.96,0],[0,-12.96]],"c":true}]},{"i":{"x":0.833,"y":0.833},"o":{"x":0.167,"y":0.167},"n":"0p833_0p833_0p167_0p167","t":180,"s":[{"i":[[0,-7.158],[7.158,0],[0,7.158],[-7.157,0]],"o":[[0,7.158],[-7.157,0],[0,-7.158],[7.158,0]],"v":[[12.96,0],[0,12.96],[-12.96,0],[0,-12.96]],"c":true}],"e":[{"i":[[0,-7.158],[7.158,0],[0,7.158],[-7.157,0]],"o":[[0,7.158],[-7.157,0],[0,-7.158],[7.158,0]],"v":[[-51.54,-3.5],[-64.5,9.46],[-77.46,-3.5],[-64.5,-16.46]],"c":true}]},{"t":359}],"ix":2},"nm":"Path 1","mn":"ADBE Vector Shape - Group","hd":false},{"ty":"fl","c":{"a":0,"k":[0.109999997008,0.19199999641,0.46699999641,1],"ix":4},"o":{"a":0,"k":100,"ix":5},"r":1,"nm":"Fill 1","mn":"ADBE Vector Graphic - Fill","hd":false},{"ty":"tr","p":{"a":0,"k":[538.689,427.781],"ix":2},"a":{"a":0,"k":[0,0],"ix":1},"s":{"a":1,"k":[{"i":{"x":[0.833,0.833],"y":[0.833,0.833]},"o":{"x":[0.167,0.167],"y":[0.167,0.167]},"n":["0p833_0p833_0p167_0p167","0p833_0p833_0p167_0p167"],"t":180,"s":[100,100],"e":[100,0]},{"i":{"x":[0.833,0.833],"y":[0.833,0.833]},"o":{"x":[0.167,0.167],"y":[0.167,0.167]},"n":["0p833_0p833_0p167_0p167","0p833_0p833_0p167_0p167"],"t":190,"s":[100,0],"e":[100,100]},{"t":200}],"ix":3},"r":{"a":0,"k":0,"ix":6},"o":{"a":0,"k":100,"ix":7},"sk":{"a":0,"k":0,"ix":4},"sa":{"a":0,"k":0,"ix":5},"nm":"Transform"}],"nm":"Group 11","np":2,"cix":2,"ix":12,"mn":"ADBE Vector Group","hd":false},{"ty":"gr","it":[{"ind":0,"ty":"sh","ix":1,"ks":{"a":1,"k":[{"i":{"x":0.833,"y":0.833},"o":{"x":0.167,"y":0.167},"n":"0p833_0p833_0p167_0p167","t":0,"s":[{"i":[[-11.81,22.259],[12.801,-37.76],[14.09,-26.593],[-18.19,-34.801],[-18.911,9.216],[-36.25,82.919],[1.92,28.8]],"o":[[-9.6,0.32],[-12.8,37.76],[-16.69,31.499],[8.201,15.69],[27.089,-13.201],[14.535,-33.249],[-1.919,-28.8]],"v":[[42.56,-128],[4.94,-76.66],[-15.06,-2.24],[-29.06,98.56],[9.161,111.46],[31,16.84],[37,-72.44]],"c":true}],"e":[{"i":[[8.641,12.16],[12.801,-37.76],[17.28,-24.64],[-34.88,-31.36],[-18.88,9.28],[5.44,52.48],[1.92,28.8]],"o":[[-9.6,0.32],[-12.8,37.76],[-17.279,24.64],[34.881,31.36],[18.879,-9.28],[-5.44,-52.48],[-1.919,-28.8]],"v":[[42.56,-128],[-10.56,-92.16],[-50.56,-2.24],[-50.56,98.56],[44.161,112.96],[80,35.84],[56,-77.44]],"c":true}]},{"i":{"x":0.833,"y":0.833},"o":{"x":0.167,"y":0.167},"n":"0p833_0p833_0p167_0p167","t":180,"s":[{"i":[[8.641,12.16],[12.801,-37.76],[17.28,-24.64],[-34.88,-31.36],[-18.88,9.28],[5.44,52.48],[1.92,28.8]],"o":[[-9.6,0.32],[-12.8,37.76],[-17.279,24.64],[34.881,31.36],[18.879,-9.28],[-5.44,-52.48],[-1.919,-28.8]],"v":[[42.56,-128],[-10.56,-92.16],[-50.56,-2.24],[-50.56,98.56],[44.161,112.96],[80,35.84],[56,-77.44]],"c":true}],"e":[{"i":[[-11.81,22.259],[12.801,-37.76],[14.09,-26.593],[-18.19,-34.801],[-18.911,9.216],[-36.25,82.919],[1.92,28.8]],"o":[[-9.6,0.32],[-12.8,37.76],[-16.69,31.499],[8.201,15.69],[27.089,-13.201],[14.535,-33.249],[-1.919,-28.8]],"v":[[42.56,-128],[4.94,-76.66],[-15.06,-2.24],[-29.06,98.56],[9.161,111.46],[31,16.84],[37,-72.44]],"c":true}]},{"t":359}],"ix":2},"nm":"Path 1","mn":"ADBE Vector Shape - Group","hd":false},{"ty":"fl","c":{"a":0,"k":[1,0.552999997606,0.463000009574,1],"ix":4},"o":{"a":0,"k":100,"ix":5},"r":1,"nm":"Fill 1","mn":"ADBE Vector Graphic - Fill","hd":false},{"ty":"tr","p":{"a":0,"k":[398.25,433.241],"ix":2},"a":{"a":0,"k":[0,0],"ix":1},"s":{"a":0,"k":[100,100],"ix":3},"r":{"a":0,"k":0,"ix":6},"o":{"a":0,"k":100,"ix":7},"sk":{"a":0,"k":0,"ix":4},"sa":{"a":0,"k":0,"ix":5},"nm":"Transform"}],"nm":"Group 12","np":2,"cix":2,"ix":13,"mn":"ADBE Vector Group","hd":false},{"ty":"gr","it":[{"ind":0,"ty":"sh","ix":1,"ks":{"a":1,"k":[{"i":{"x":0.833,"y":0.833},"o":{"x":0.167,"y":0.167},"n":"0p833_0p833_0p167_0p167","t":0,"s":[{"i":[[-44.209,1.799],[-17.28,-23.52],[-21.45,-57.281],[-1.39,-13.853],[59.37,-8.121],[6.971,4.199],[43.044,16.239],[-9.269,19.759],[-21.515,28.482]],"o":[[46.707,-1.901],[17.281,23.52],[6.024,16.085],[6.05,60.279],[-29.418,4.024],[-15.529,1.199],[-49.729,-18.761],[19.22,-40.97],[35.723,-9.784]],"v":[[-28.268,-140.65],[61.177,-106.789],[103.698,-23.609],[121.698,37.831],[33.378,141.23],[-35.223,129.91],[-121.023,137.62],[-135.483,28.85],[-123.443,-116.65]],"c":true}],"e":[{"i":[[-44.209,1.799],[-17.28,-23.52],[-2.16,-17.04],[-8.16,-11.28],[16.08,-24.96],[27.84,13.68],[45.36,7.68],[11.054,77.374],[-21.515,28.482]],"o":[[46.707,-1.901],[17.281,23.52],[2.16,17.04],[8.749,12.095],[-16.081,24.96],[-28.08,11.04],[-45.359,-7.68],[-6.399,-44.8],[35.723,-9.784]],"v":[[-28.268,-140.65],[73.677,-101.289],[103.198,-3.609],[121.198,33.831],[128.878,108.23],[58.777,125.91],[-38.523,134.87],[-138.483,11.35],[-123.443,-116.65]],"c":true}]},{"i":{"x":0.833,"y":0.833},"o":{"x":0.167,"y":0.167},"n":"0p833_0p833_0p167_0p167","t":180,"s":[{"i":[[-44.209,1.799],[-17.28,-23.52],[-2.16,-17.04],[-8.16,-11.28],[16.08,-24.96],[27.84,13.68],[45.36,7.68],[11.054,77.374],[-21.515,28.482]],"o":[[46.707,-1.901],[17.281,23.52],[2.16,17.04],[8.749,12.095],[-16.081,24.96],[-28.08,11.04],[-45.359,-7.68],[-6.399,-44.8],[35.723,-9.784]],"v":[[-28.268,-140.65],[73.677,-101.289],[103.198,-3.609],[121.198,33.831],[128.878,108.23],[58.777,125.91],[-38.523,134.87],[-138.483,11.35],[-123.443,-116.65]],"c":true}],"e":[{"i":[[-44.209,1.799],[-17.28,-23.52],[-21.45,-57.281],[-1.39,-13.853],[59.37,-8.121],[6.971,4.199],[43.044,16.239],[-9.269,19.759],[-21.515,28.482]],"o":[[46.707,-1.901],[17.281,23.52],[6.024,16.085],[6.05,60.279],[-29.418,4.024],[-15.529,1.199],[-49.729,-18.761],[19.22,-40.97],[35.723,-9.784]],"v":[[-28.268,-140.65],[61.177,-106.789],[103.698,-23.609],[121.698,37.831],[33.378,141.23],[-35.223,129.91],[-121.023,137.62],[-135.483,28.85],[-123.443,-116.65]],"c":true}]},{"t":359}],"ix":2},"nm":"Path 1","mn":"ADBE Vector Shape - Group","hd":false},{"ty":"fl","c":{"a":0,"k":[0.995999983245,0.760999971278,0.447000002394,1],"ix":4},"o":{"a":0,"k":100,"ix":5},"r":1,"nm":"Fill 1","mn":"ADBE Vector Graphic - Fill","hd":false},{"ty":"tr","p":{"a":0,"k":[564.252,421.89],"ix":2},"a":{"a":0,"k":[0,0],"ix":1},"s":{"a":0,"k":[100,100],"ix":3},"r":{"a":0,"k":0,"ix":6},"o":{"a":0,"k":100,"ix":7},"sk":{"a":0,"k":0,"ix":4},"sa":{"a":0,"k":0,"ix":5},"nm":"Transform"}],"nm":"Group 13","np":2,"cix":2,"ix":14,"mn":"ADBE Vector Group","hd":false},{"ty":"gr","it":[{"ind":0,"ty":"sh","ix":1,"ks":{"a":1,"k":[{"i":{"x":0.833,"y":0.833},"o":{"x":0.167,"y":0.167},"n":"0p833_0p833_0p167_0p167","t":0,"s":[{"i":[[0,0],[-61.7,32.678],[0,0]],"o":[[0,0],[-24.913,-44.001],[0,0]],"v":[[-61.944,3.971],[-1.556,21.48],[-34.147,-23.348]],"c":true}],"e":[{"i":[[0,0],[-61.7,32.678],[0,0]],"o":[[0,0],[-24.913,-44.001],[0,0]],"v":[[-71.488,-15.773],[8.894,20.108],[-48.691,-62.092]],"c":true}]},{"i":{"x":0.833,"y":0.833},"o":{"x":0.167,"y":0.167},"n":"0p833_0p833_0p167_0p167","t":38,"s":[{"i":[[0,0],[-61.7,32.678],[0,0]],"o":[[0,0],[-24.913,-44.001],[0,0]],"v":[[-71.488,-15.773],[8.894,20.108],[-48.691,-62.092]],"c":true}],"e":[{"i":[[0,0],[-61.7,32.678],[0,0]],"o":[[0,0],[-24.913,-44.001],[0,0]],"v":[[-47.944,-9.029],[47.944,14.98],[-20.147,-36.348]],"c":true}]},{"i":{"x":0.833,"y":0.833},"o":{"x":0.167,"y":0.167},"n":"0p833_0p833_0p167_0p167","t":180,"s":[{"i":[[0,0],[-61.7,32.678],[0,0]],"o":[[0,0],[-24.913,-44.001],[0,0]],"v":[[-47.944,-9.029],[47.944,14.98],[-20.147,-36.348]],"c":true}],"e":[{"i":[[0,0],[-61.7,32.678],[0,0]],"o":[[0,0],[-24.913,-44.001],[0,0]],"v":[[-61.944,3.971],[-1.556,21.48],[-34.147,-23.348]],"c":true}]},{"t":359}],"ix":2},"nm":"Path 1","mn":"ADBE Vector Shape - Group","hd":false},{"ty":"fl","c":{"a":0,"k":[0.996078491211,0.678431372549,0.337254901961,1],"ix":4},"o":{"a":0,"k":100,"ix":5},"r":1,"nm":"Fill 1","mn":"ADBE Vector Graphic - Fill","hd":false},{"ty":"tr","p":{"a":0,"k":[489.267,540.931],"ix":2},"a":{"a":0,"k":[0,0],"ix":1},"s":{"a":0,"k":[100,100],"ix":3},"r":{"a":0,"k":0,"ix":6},"o":{"a":0,"k":100,"ix":7},"sk":{"a":0,"k":0,"ix":4},"sa":{"a":0,"k":0,"ix":5},"nm":"Transform"}],"nm":"Group 15","np":2,"cix":2,"ix":15,"mn":"ADBE Vector Group","hd":false},{"ty":"gr","it":[{"ind":0,"ty":"sh","ix":1,"ks":{"a":1,"k":[{"i":{"x":0.833,"y":0.833},"o":{"x":0.167,"y":0.167},"n":"0p833_0p833_0p167_0p167","t":0,"s":[{"i":[[0,0],[12.086,-16.079],[-11.965,-11.502],[-20.626,2.179],[5.38,41.823],[0,0]],"o":[[0,0],[-8.157,10.853],[11.965,11.502],[11.845,-1.251],[1.38,-22.677],[0,0]],"v":[[-57.6,-20],[-79.775,7.038],[-80.107,45.994],[-13.535,68.21],[3.93,17.636],[-0.32,-18.74]],"c":true}],"e":[{"i":[[0,0],[9.129,-15.522],[-12.749,-10.222],[-18.974,5.164],[9.108,37.182],[0,0]],"o":[[0,0],[-6.03,11.399],[12.749,10.223],[12.047,-4.432],[-5.465,-23.7],[0,0]],"v":[[-63.6,-66],[-71.581,7.68],[-68.465,45.91],[-1.22,61.816],[8.573,8.745],[-10.264,-55.234]],"c":true}]},{"i":{"x":0.833,"y":0.833},"o":{"x":0.167,"y":0.167},"n":"0p833_0p833_0p167_0p167","t":38,"s":[{"i":[[0,0],[9.129,-15.522],[-12.749,-10.222],[-18.974,5.164],[9.108,37.182],[0,0]],"o":[[0,0],[-6.03,11.399],[12.749,10.223],[12.047,-4.432],[-5.465,-23.7],[0,0]],"v":[[-63.6,-66],[-71.581,7.68],[-68.465,45.91],[-1.22,61.816],[8.573,8.745],[-10.264,-55.234]],"c":true}],"e":[{"i":[[0,0],[-1.92,-13.44],[-15.68,-5.44],[-12.8,16.32],[23.039,19.839],[0,0]],"o":[[0,0],[1.92,13.44],[15.68,5.44],[12.8,-16.32],[-31.041,-27.52],[0,0]],"v":[[-57.6,-20],[-40.96,10.08],[-24.96,45.6],[44.8,37.92],[25.921,-24.48],[-40.32,-54.24]],"c":true}]},{"i":{"x":0.833,"y":0.833},"o":{"x":0.167,"y":0.167},"n":"0p833_0p833_0p167_0p167","t":180,"s":[{"i":[[0,0],[-1.92,-13.44],[-15.68,-5.44],[-12.8,16.32],[23.039,19.839],[0,0]],"o":[[0,0],[1.92,13.44],[15.68,5.44],[12.8,-16.32],[-31.041,-27.52],[0,0]],"v":[[-57.6,-20],[-40.96,10.08],[-24.96,45.6],[44.8,37.92],[25.921,-24.48],[-40.32,-54.24]],"c":true}],"e":[{"i":[[0,0],[12.086,-16.079],[-11.965,-11.502],[-20.626,2.179],[5.38,41.823],[0,0]],"o":[[0,0],[-8.157,10.853],[11.965,11.502],[11.845,-1.251],[1.38,-22.677],[0,0]],"v":[[-57.6,-20],[-79.775,7.038],[-80.107,45.994],[-13.535,68.21],[3.93,17.636],[-0.32,-18.74]],"c":true}]},{"t":359}],"ix":2},"nm":"Path 1","mn":"ADBE Vector Shape - Group","hd":false},{"ty":"fl","c":{"a":0,"k":[0.995999983245,0.760999971278,0.447000002394,1],"ix":4},"o":{"a":0,"k":100,"ix":5},"r":1,"nm":"Fill 1","mn":"ADBE Vector Graphic - Fill","hd":false},{"ty":"tr","p":{"a":0,"k":[483.69,570.041],"ix":2},"a":{"a":0,"k":[0,0],"ix":1},"s":{"a":0,"k":[100,100],"ix":3},"r":{"a":0,"k":0,"ix":6},"o":{"a":0,"k":100,"ix":7},"sk":{"a":0,"k":0,"ix":4},"sa":{"a":0,"k":0,"ix":5},"nm":"Transform"}],"nm":"Group 16","np":2,"cix":2,"ix":16,"mn":"ADBE Vector Group","hd":false},{"ty":"gr","it":[{"ind":0,"ty":"sh","ix":1,"ks":{"a":1,"k":[{"i":{"x":0.833,"y":0.833},"o":{"x":0.167,"y":0.167},"n":"0p833_0p833_0p167_0p167","t":0,"s":[{"i":[[0,0],[12.819,24.122],[6.525,8.762],[0,0],[-0.759,-6.557]],"o":[[0,0],[-7.046,-13.258],[-50.502,2.503],[0,0],[0.82,7.085]],"v":[[-80.019,35.909],[-0.49,19.04],[-24.311,-13.48],[-81.671,11.35],[-79.856,24.697]],"c":true}],"e":[{"i":[[0,0],[12.819,24.122],[6.525,8.762],[0,0],[-0.759,-6.557]],"o":[[0,0],[-7.046,-13.258],[-50.502,2.503],[0,0],[0.82,7.085]],"v":[[-49.17,32.086],[31.212,15.583],[-8.157,-23.448],[-50.517,6.187],[-48.763,20.631]],"c":true}]},{"i":{"x":0.833,"y":0.833},"o":{"x":0.167,"y":0.167},"n":"0p833_0p833_0p167_0p167","t":84,"s":[{"i":[[0,0],[12.819,24.122],[6.525,8.762],[0,0],[-0.759,-6.557]],"o":[[0,0],[-7.046,-13.258],[-50.502,2.503],[0,0],[0.82,7.085]],"v":[[-49.17,32.086],[31.212,15.583],[-8.157,-23.448],[-50.517,6.187],[-48.763,20.631]],"c":true}],"e":[{"i":[[0,0],[12.819,24.122],[13.172,6.655],[0,0],[-0.759,-6.557]],"o":[[0,0],[-7.046,-13.258],[-50.502,2.503],[0,0],[0.82,7.085]],"v":[[-13.767,28.38],[67.443,11.731],[7.792,-31.623],[-29.817,0.682],[-18.624,16.689]],"c":true}]},{"i":{"x":0.833,"y":0.833},"o":{"x":0.167,"y":0.167},"n":"0p833_0p833_0p167_0p167","t":180,"s":[{"i":[[0,0],[12.819,24.122],[13.172,6.655],[0,0],[-0.759,-6.557]],"o":[[0,0],[-7.046,-13.258],[-50.502,2.503],[0,0],[0.82,7.085]],"v":[[-13.767,28.38],[67.443,11.731],[7.792,-31.623],[-29.817,0.682],[-18.624,16.689]],"c":true}],"e":[{"i":[[0,0],[12.819,24.122],[6.525,8.762],[0,0],[-0.759,-6.557]],"o":[[0,0],[-7.046,-13.258],[-50.502,2.503],[0,0],[0.82,7.085]],"v":[[-49.17,32.086],[31.212,15.583],[-8.157,-23.448],[-50.517,6.187],[-48.763,20.631]],"c":true}]},{"i":{"x":0.833,"y":0.833},"o":{"x":0.167,"y":0.167},"n":"0p833_0p833_0p167_0p167","t":272,"s":[{"i":[[0,0],[12.819,24.122],[6.525,8.762],[0,0],[-0.759,-6.557]],"o":[[0,0],[-7.046,-13.258],[-50.502,2.503],[0,0],[0.82,7.085]],"v":[[-49.17,32.086],[31.212,15.583],[-8.157,-23.448],[-50.517,6.187],[-48.763,20.631]],"c":true}],"e":[{"i":[[0,0],[12.819,24.122],[6.525,8.762],[0,0],[-0.759,-6.557]],"o":[[0,0],[-7.046,-13.258],[-50.502,2.503],[0,0],[0.82,7.085]],"v":[[-80.019,35.909],[-0.49,19.04],[-24.311,-13.48],[-81.671,11.35],[-79.856,24.697]],"c":true}]},{"t":359}],"ix":2},"nm":"Path 1","mn":"ADBE Vector Shape - Group","hd":false},{"ty":"fl","c":{"a":0,"k":[0.996078491211,0.678431372549,0.337254901961,1],"ix":4},"o":{"a":0,"k":100,"ix":5},"r":1,"nm":"Fill 1","mn":"ADBE Vector Graphic - Fill","hd":false},{"ty":"tr","p":{"a":0,"k":[676.036,548.968],"ix":2},"a":{"a":0,"k":[0,0],"ix":1},"s":{"a":0,"k":[100,100],"ix":3},"r":{"a":0,"k":0,"ix":6},"o":{"a":0,"k":100,"ix":7},"sk":{"a":0,"k":0,"ix":4},"sa":{"a":0,"k":0,"ix":5},"nm":"Transform"}],"nm":"Group 17","np":2,"cix":2,"ix":17,"mn":"ADBE Vector Group","hd":false},{"ty":"gr","it":[{"ind":0,"ty":"sh","ix":1,"ks":{"a":1,"k":[{"i":{"x":0.833,"y":0.833},"o":{"x":0.167,"y":0.167},"n":"0p833_0p833_0p167_0p167","t":0,"s":[{"i":[[0,0],[10.787,-21.621],[-15.68,-5.44],[-12.799,16.32],[12.407,32.439],[0,0]],"o":[[0,0],[-6.061,12.148],[15.679,5.44],[12.8,-16.32],[-19.093,-41.561],[0,0]],"v":[[-57.6,-20],[-61.959,27.08],[-45.959,62.6],[23.8,54.92],[28.921,-1.48],[-16.32,-59.24]],"c":true}],"e":[{"i":[[0,0],[-1.92,-13.44],[-15.68,-5.44],[-12.799,16.32],[23.04,19.839],[0,0]],"o":[[0,0],[1.92,13.44],[15.679,5.44],[12.8,-16.32],[-31.041,-27.52],[0,0]],"v":[[-57.6,-20],[-40.959,10.08],[-24.959,45.6],[44.8,37.92],[25.921,-24.48],[-40.32,-54.24]],"c":true}]},{"i":{"x":0.833,"y":0.833},"o":{"x":0.167,"y":0.167},"n":"0p833_0p833_0p167_0p167","t":180,"s":[{"i":[[0,0],[-1.92,-13.44],[-15.68,-5.44],[-12.799,16.32],[23.04,19.839],[0,0]],"o":[[0,0],[1.92,13.44],[15.679,5.44],[12.8,-16.32],[-31.041,-27.52],[0,0]],"v":[[-57.6,-20],[-40.959,10.08],[-24.959,45.6],[44.8,37.92],[25.921,-24.48],[-40.32,-54.24]],"c":true}],"e":[{"i":[[0,0],[10.787,-21.621],[-15.68,-5.44],[-12.799,16.32],[12.407,32.439],[0,0]],"o":[[0,0],[-6.061,12.148],[15.679,5.44],[12.8,-16.32],[-19.093,-41.561],[0,0]],"v":[[-57.6,-20],[-61.959,27.08],[-45.959,62.6],[23.8,54.92],[28.921,-1.48],[-16.32,-59.24]],"c":true}]},{"t":359}],"ix":2},"nm":"Path 1","mn":"ADBE Vector Shape - Group","hd":false},{"ty":"fl","c":{"a":0,"k":[0.995999983245,0.760999971278,0.447000002394,1],"ix":4},"o":{"a":0,"k":100,"ix":5},"r":1,"nm":"Fill 1","mn":"ADBE Vector Graphic - Fill","hd":false},{"ty":"tr","p":{"a":1,"k":[{"i":{"x":0.833,"y":0.833},"o":{"x":0.167,"y":0.167},"n":"0p833_0p833_0p167_0p167","t":0,"s":[651.672,580.041],"e":[703.672,570.041],"to":[8.66666698455811,-1.66666662693024],"ti":[0,0]},{"i":{"x":0.833,"y":0.833},"o":{"x":0.167,"y":0.167},"n":"0p833_0p833_0p167_0p167","t":180,"s":[703.672,570.041],"e":[651.672,580.041],"to":[0,0],"ti":[8.66666698455811,-1.66666662693024]},{"t":359}],"ix":2},"a":{"a":0,"k":[0,0],"ix":1},"s":{"a":0,"k":[100,100],"ix":3},"r":{"a":0,"k":0,"ix":6},"o":{"a":0,"k":100,"ix":7},"sk":{"a":0,"k":0,"ix":4},"sa":{"a":0,"k":0,"ix":5},"nm":"Transform"}],"nm":"Group 18","np":2,"cix":2,"ix":18,"mn":"ADBE Vector Group","hd":false},{"ty":"gr","it":[{"ind":0,"ty":"sh","ix":1,"ks":{"a":0,"k":{"i":[[0,-38.631],[150.325,0],[0,38.63],[-150.325,0]],"o":[[0,38.63],[-150.325,0],[0,-38.631],[150.325,0]],"v":[[228.96,0],[-2.087,69.947],[-228.96,0],[-2.087,-69.947]],"c":true},"ix":2},"nm":"Path 1","mn":"ADBE Vector Shape - Group","hd":false},{"ty":"fl","c":{"a":0,"k":[0.886274569642,0.792156922583,0.925490255917,1],"ix":4},"o":{"a":0,"k":100,"ix":5},"r":1,"nm":"Fill 1","mn":"ADBE Vector Graphic - Fill","hd":false},{"ty":"tr","p":{"a":0,"k":[544.33,539.614],"ix":2},"a":{"a":0,"k":[0,0],"ix":1},"s":{"a":0,"k":[100,100],"ix":3},"r":{"a":0,"k":0,"ix":6},"o":{"a":0,"k":70,"ix":7},"sk":{"a":0,"k":0,"ix":4},"sa":{"a":0,"k":0,"ix":5},"nm":"Transform"}],"nm":"Group 19","np":2,"cix":2,"ix":19,"mn":"ADBE Vector Group","hd":false},{"ty":"gr","it":[{"ind":0,"ty":"sh","ix":1,"ks":{"a":1,"k":[{"i":{"x":0.667,"y":1},"o":{"x":0.167,"y":0.167},"n":"0p667_1_0p167_0p167","t":0,"s":[{"i":[[0,0],[8.637,-160.553],[0,0],[-64.287,88.691],[-23.216,-2.405],[-74.974,-110.169],[3.114,11.391],[72.038,22.96],[0,0],[0,0],[21.175,-3.413],[0,0]],"o":[[0,0],[86.979,67.305],[0,0],[25.386,0.821],[98.964,10.251],[38.02,-41.759],[-12.841,-21.255],[-52.56,-12.96],[0,0],[0,0],[-16.918,7.478],[0,0]],"v":[[-131.05,-94.547],[-295.654,109.668],[-98.734,173.487],[-44.479,-83.844],[58.779,-85.268],[282.997,72.442],[300.23,-32.745],[191.787,-112.796],[102.622,-143.052],[-215.112,-122.818],[-243.595,-113.668],[-260.797,-107.167]],"c":true}],"e":[{"i":[[0,0],[8.637,-160.553],[0,0],[-64.287,88.691],[-20.53,-0.521],[-74.835,-109.965],[3.114,11.391],[72.038,22.96],[0,0],[0,0],[17.24,-6.036],[0,0]],"o":[[0,0],[91.888,44.724],[0,0],[25.586,0.827],[86.669,2.198],[5.129,-19.177],[-12.841,-21.255],[-52.559,-12.96],[0,0],[0,0],[-20.237,8.642],[0,0]],"v":[[-131.05,-94.547],[-212.69,152.868],[55.903,165.633],[26.212,-104.462],[94.965,-103.048],[305.579,19.424],[300.23,-32.745],[191.787,-112.796],[102.622,-143.052],[-232.058,-116.778],[-271.401,-100.686],[-301.84,-85.542]],"c":true}]},{"i":{"x":0.833,"y":0.833},"o":{"x":0.333,"y":0},"n":"0p833_0p833_0p333_0","t":180,"s":[{"i":[[0,0],[8.637,-160.553],[0,0],[-64.287,88.691],[-20.53,-0.521],[-74.835,-109.965],[3.114,11.391],[72.038,22.96],[0,0],[0,0],[17.24,-6.036],[0,0]],"o":[[0,0],[91.888,44.724],[0,0],[25.586,0.827],[86.669,2.198],[5.129,-19.177],[-12.841,-21.255],[-52.559,-12.96],[0,0],[0,0],[-20.237,8.642],[0,0]],"v":[[-131.05,-94.547],[-212.69,152.868],[55.903,165.633],[26.212,-104.462],[94.965,-103.048],[305.579,19.424],[300.23,-32.745],[191.787,-112.796],[102.622,-143.052],[-232.058,-116.778],[-271.401,-100.686],[-301.84,-85.542]],"c":true}],"e":[{"i":[[0,0],[8.637,-160.553],[0,0],[-64.287,88.691],[-23.216,-2.405],[-74.974,-110.169],[3.114,11.391],[72.038,22.96],[0,0],[0,0],[21.175,-3.413],[0,0]],"o":[[0,0],[86.979,67.305],[0,0],[25.386,0.821],[98.964,10.251],[38.02,-41.759],[-12.841,-21.255],[-52.56,-12.96],[0,0],[0,0],[-16.918,7.478],[0,0]],"v":[[-131.05,-94.547],[-295.654,109.668],[-98.734,173.487],[-44.479,-83.844],[58.779,-85.268],[282.997,72.442],[300.23,-32.745],[191.787,-112.796],[102.622,-143.052],[-215.112,-122.818],[-243.595,-113.668],[-260.797,-107.167]],"c":true}]},{"t":359}],"ix":2},"nm":"Path 1","mn":"ADBE Vector Shape - Group","hd":false},{"ty":"fl","c":{"a":0,"k":[0.960784373564,0.831372608858,0.925490255917,1],"ix":4},"o":{"a":0,"k":100,"ix":5},"r":1,"nm":"Fill 1","mn":"ADBE Vector Graphic - Fill","hd":false},{"ty":"tr","p":{"a":0,"k":[570.474,595.717],"ix":2},"a":{"a":0,"k":[0,0],"ix":1},"s":{"a":0,"k":[100,100],"ix":3},"r":{"a":0,"k":0,"ix":6},"o":{"a":0,"k":100,"ix":7},"sk":{"a":0,"k":0,"ix":4},"sa":{"a":0,"k":0,"ix":5},"nm":"Transform"}],"nm":"Group 20","np":2,"cix":2,"ix":20,"mn":"ADBE Vector Group","hd":false},{"ty":"gr","it":[{"ind":0,"ty":"sh","ix":1,"ks":{"a":0,"k":{"i":[[0,-78.933],[265.27,-18.473],[0,78.933],[-218.692,0]],"o":[[0,78.933],[-218.164,15.193],[0,-78.933],[218.692,0]],"v":[[333.09,0],[-4.508,170.902],[-333.089,0],[-3.035,-142.92]],"c":true},"ix":2},"nm":"Path 1","mn":"ADBE Vector Shape - Group","hd":false},{"ty":"fl","c":{"a":0,"k":[0.941000007181,0.964999988032,1,1],"ix":4},"o":{"a":0,"k":100,"ix":5},"r":1,"nm":"Fill 1","mn":"ADBE Vector Graphic - Fill","hd":false},{"ty":"tr","p":{"a":0,"k":[544.329,597.681],"ix":2},"a":{"a":0,"k":[0,0],"ix":1},"s":{"a":0,"k":[100,100],"ix":3},"r":{"a":0,"k":0,"ix":6},"o":{"a":0,"k":100,"ix":7},"sk":{"a":0,"k":0,"ix":4},"sa":{"a":0,"k":0,"ix":5},"nm":"Transform"}],"nm":"Group 21","np":2,"cix":2,"ix":21,"mn":"ADBE Vector Group","hd":false},{"ty":"gr","it":[{"ind":0,"ty":"sh","ix":1,"ks":{"a":1,"k":[{"i":{"x":0.833,"y":0.833},"o":{"x":0.167,"y":0.167},"n":"0p833_0p833_0p167_0p167","t":0,"s":[{"i":[[0,0],[67.975,-10.303],[-17.942,-26.69],[-29.782,-25.833],[22,-45.116],[-84.02,-12.631],[-185.573,-11.427],[-55.1,88.31],[97.238,38.459]],"o":[[0,0],[-41.762,6.33],[11.837,17.608],[29.782,25.832],[-12.356,25.339],[90.091,13.544],[82.174,5.06],[28.285,-45.333],[-151.821,-30.93]],"v":[[-154.897,-113.926],[-238.614,-107.75],[-297.989,-55.035],[-223.645,-4.175],[-275.76,80.579],[-166.787,140.15],[114.122,120.731],[328.584,127.573],[175.078,-9.212]],"c":true}],"e":[{"i":[[0,0],[67.975,-10.303],[-3.782,-31.937],[-29.782,-25.833],[28.065,-41.615],[-131.167,-8.582],[-185.573,-11.427],[-186.663,33.328],[97.238,38.459]],"o":[[0,0],[-41.762,6.33],[5.54,46.783],[29.782,25.832],[-28.065,41.616],[90.909,5.948],[82.174,5.06],[129.755,-23.167],[-151.821,-30.93]],"v":[[-154.897,-113.926],[-287.705,-119.531],[-380.461,-72.708],[-249.172,-0.248],[-340.56,92.361],[-211.95,199.059],[127.868,173.75],[452.293,239.5],[247.733,6.497]],"c":true}]},{"i":{"x":0.833,"y":0.833},"o":{"x":0.167,"y":0.167},"n":"0p833_0p833_0p167_0p167","t":180,"s":[{"i":[[0,0],[67.975,-10.303],[-3.782,-31.937],[-29.782,-25.833],[28.065,-41.615],[-131.167,-8.582],[-185.573,-11.427],[-186.663,33.328],[97.238,38.459]],"o":[[0,0],[-41.762,6.33],[5.54,46.783],[29.782,25.832],[-28.065,41.616],[90.909,5.948],[82.174,5.06],[129.755,-23.167],[-151.821,-30.93]],"v":[[-154.897,-113.926],[-287.705,-119.531],[-380.461,-72.708],[-249.172,-0.248],[-340.56,92.361],[-211.95,199.059],[127.868,173.75],[452.293,239.5],[247.733,6.497]],"c":true}],"e":[{"i":[[0,0],[67.975,-10.303],[-17.942,-26.69],[-29.782,-25.833],[22,-45.116],[-84.02,-12.631],[-185.573,-11.427],[-55.1,88.31],[97.238,38.459]],"o":[[0,0],[-41.762,6.33],[11.837,17.608],[29.782,25.832],[-12.356,25.339],[90.091,13.544],[82.174,5.06],[28.285,-45.333],[-151.821,-30.93]],"v":[[-154.897,-113.926],[-238.614,-107.75],[-297.989,-55.035],[-223.645,-4.175],[-275.76,80.579],[-166.787,140.15],[114.122,120.731],[328.584,127.572],[175.078,-9.212]],"c":true}]},{"t":359}],"ix":2},"nm":"Path 1","mn":"ADBE Vector Shape - Group","hd":false},{"ty":"fl","c":{"a":0,"k":[0.6,0.677999997606,0.976000019148,1],"ix":4},"o":{"a":0,"k":100,"ix":5},"r":1,"nm":"Fill 1","mn":"ADBE Vector Graphic - Fill","hd":false},{"ty":"tr","p":{"a":0,"k":[417.716,703.099],"ix":2},"a":{"a":0,"k":[0,0],"ix":1},"s":{"a":0,"k":[100,100],"ix":3},"r":{"a":0,"k":0,"ix":6},"o":{"a":0,"k":100,"ix":7},"sk":{"a":0,"k":0,"ix":4},"sa":{"a":0,"k":0,"ix":5},"nm":"Transform"}],"nm":"Group 22","np":2,"cix":2,"ix":22,"mn":"ADBE Vector Group","hd":false},{"ty":"gr","it":[{"ind":0,"ty":"sh","ix":1,"ks":{"a":1,"k":[{"i":{"x":0.833,"y":0.833},"o":{"x":0.167,"y":0.167},"n":"0p833_0p833_0p167_0p167","t":0,"s":[{"i":[[0,0],[-17.076,-2.883],[19.016,-22.102],[79.816,0]],"o":[[0,0],[17.075,2.883],[-19.016,22.102],[13.671,-43.836]],"v":[[-31.792,-43.208],[32.631,-39.312],[52.422,6.67],[-74.569,26.194]],"c":true}],"e":[{"i":[[0,0],[-31.68,-5.349],[35.281,-41.005],[148.079,0]],"o":[[0,0],[31.679,5.349],[-35.28,41.006],[25.363,-81.327]],"v":[[-56.079,-66.772],[63.442,-59.544],[100.161,25.766],[-135.442,61.987]],"c":true}]},{"i":{"x":0.833,"y":0.833},"o":{"x":0.167,"y":0.167},"n":"0p833_0p833_0p167_0p167","t":180,"s":[{"i":[[0,0],[-31.68,-5.349],[35.281,-41.005],[148.079,0]],"o":[[0,0],[31.679,5.349],[-35.28,41.006],[25.363,-81.327]],"v":[[-56.079,-66.772],[63.442,-59.544],[100.161,25.766],[-135.442,61.987]],"c":true}],"e":[{"i":[[0,0],[-17.076,-2.883],[19.016,-22.102],[79.816,0]],"o":[[0,0],[17.075,2.883],[-19.016,22.102],[13.671,-43.836]],"v":[[-31.792,-43.208],[32.631,-39.312],[52.422,6.67],[-74.569,26.194]],"c":true}]},{"t":359}],"ix":2},"nm":"Path 1","mn":"ADBE Vector Shape - Group","hd":false},{"ty":"fl","c":{"a":0,"k":[0.6,0.677999997606,0.976000019148,1],"ix":4},"o":{"a":0,"k":100,"ix":5},"r":1,"nm":"Fill 1","mn":"ADBE Vector Graphic - Fill","hd":false},{"ty":"tr","p":{"a":0,"k":[889.848,627.082],"ix":2},"a":{"a":0,"k":[0,0],"ix":1},"s":{"a":0,"k":[100,100],"ix":3},"r":{"a":0,"k":0,"ix":6},"o":{"a":0,"k":100,"ix":7},"sk":{"a":0,"k":0,"ix":4},"sa":{"a":0,"k":0,"ix":5},"nm":"Transform"}],"nm":"Group 23","np":2,"cix":2,"ix":23,"mn":"ADBE Vector Group","hd":false},{"ty":"gr","it":[{"ind":0,"ty":"sh","ix":1,"ks":{"a":1,"k":[{"i":{"x":0.833,"y":0.833},"o":{"x":0.167,"y":0.167},"n":"0p833_0p833_0p167_0p167","t":0,"s":[{"i":[[-16.14,13.767],[-11.077,0],[-6.013,-7.621],[25.832,0]],"o":[[5.433,-4.634],[11.076,0],[6.013,7.621],[-25.832,0]],"v":[[-77.904,-12.821],[-42.459,-17],[-3.533,-8.888],[-40.046,6.846]],"c":true}],"e":[{"i":[[-35.58,30.349],[-24.418,0],[-13.255,-16.8],[56.945,0]],"o":[[11.977,-10.216],[24.417,0],[13.256,16.8],[-56.945,0]],"v":[[-78.101,-17.057],[0.037,-26.27],[85.847,-8.386],[5.355,26.298]],"c":true}]},{"i":{"x":0.833,"y":0.833},"o":{"x":0.167,"y":0.167},"n":"0p833_0p833_0p167_0p167","t":180,"s":[{"i":[[-35.58,30.349],[-24.418,0],[-13.255,-16.8],[56.945,0]],"o":[[11.977,-10.216],[24.417,0],[13.256,16.8],[-56.945,0]],"v":[[-78.101,-17.057],[0.037,-26.27],[85.847,-8.386],[5.355,26.298]],"c":true}],"e":[{"i":[[-16.14,13.767],[-11.077,0],[-6.013,-7.621],[25.832,0]],"o":[[5.433,-4.634],[11.076,0],[6.013,7.621],[-25.832,0]],"v":[[-77.904,-12.821],[-42.459,-17],[-3.533,-8.888],[-40.046,6.846]],"c":true}]},{"t":359}],"ix":2},"nm":"Path 1","mn":"ADBE Vector Shape - Group","hd":false},{"ty":"fl","c":{"a":0,"k":[0.6,0.677999997606,0.976000019148,1],"ix":4},"o":{"a":0,"k":100,"ix":5},"r":1,"nm":"Fill 1","mn":"ADBE Vector Graphic - Fill","hd":false},{"ty":"tr","p":{"a":0,"k":[239.047,528.05],"ix":2},"a":{"a":0,"k":[0,0],"ix":1},"s":{"a":0,"k":[100,100],"ix":3},"r":{"a":0,"k":0,"ix":6},"o":{"a":0,"k":60,"ix":7},"sk":{"a":0,"k":0,"ix":4},"sa":{"a":0,"k":0,"ix":5},"nm":"Transform"}],"nm":"Group 24","np":2,"cix":2,"ix":24,"mn":"ADBE Vector Group","hd":false}],"ip":0,"op":368,"st":0,"bm":0}],"markers":[]}