{"v":"5.4.4","fr":29.9700012207031,"ip":0,"op":44.0000017921567,"w":500,"h":500,"nm":"Comp 1","ddd":1,"assets":[],"layers":[{"ddd":0,"ind":1,"ty":4,"nm":"Shape Layer 9","sr":1,"ks":{"o":{"a":1,"k":[{"i":{"x":[0.833],"y":[0.833]},"o":{"x":[0.167],"y":[0.167]},"t":19,"s":[0],"e":[100]},{"i":{"x":[0.833],"y":[0.833]},"o":{"x":[0.167],"y":[0.167]},"t":23,"s":[100],"e":[100]},{"i":{"x":[0.833],"y":[0.833]},"o":{"x":[0.167],"y":[0.167]},"t":29,"s":[100],"e":[0]},{"t":42.0000017106951}],"ix":11},"r":{"a":0,"k":0,"ix":10},"p":{"a":1,"k":[{"i":{"x":0.833,"y":0.833},"o":{"x":0.167,"y":0.167},"t":0,"s":[208,278,0],"e":[208,298,0],"to":[0,3.333,0],"ti":[1.667,0,0]},{"i":{"x":0.833,"y":0.833},"o":{"x":0.167,"y":0.167},"t":20,"s":[208,298,0],"e":[198,278,0],"to":[-1.667,0,0],"ti":[1.667,1.667,0]},{"i":{"x":0.833,"y":0.833},"o":{"x":0.167,"y":0.167},"t":30,"s":[198,278,0],"e":[198,288,0],"to":[-1.667,-1.667,0],"ti":[0,-1.667,0]},{"t":40.0000016292334}],"ix":2},"a":{"a":0,"k":[0,0,0],"ix":1},"s":{"a":0,"k":[70,70,100],"ix":6}},"ao":0,"shapes":[{"ty":"gr","it":[{"d":1,"ty":"el","s":{"a":0,"k":[17,17],"ix":2},"p":{"a":0,"k":[0,0],"ix":3},"nm":"Ellipse Path 1","mn":"ADBE Vector Shape - Ellipse","hd":false},{"ty":"st","c":{"a":0,"k":[0,0,0,1],"ix":3},"o":{"a":0,"k":100,"ix":4},"w":{"a":0,"k":0,"ix":5},"lc":1,"lj":1,"ml":4,"bm":0,"nm":"Stroke 1","mn":"ADBE Vector Graphic - Stroke","hd":false},{"ty":"fl","c":{"a":0,"k":[1,0.337254872042,0.337254872042,1],"ix":4},"o":{"a":0,"k":100,"ix":5},"r":1,"bm":0,"nm":"Fill 1","mn":"ADBE Vector Graphic - Fill","hd":false},{"ty":"tr","p":{"a":0,"k":[-20.5,-91.5],"ix":2},"a":{"a":0,"k":[0,0],"ix":1},"s":{"a":0,"k":[100,100],"ix":3},"r":{"a":0,"k":0,"ix":6},"o":{"a":0,"k":100,"ix":7},"sk":{"a":0,"k":0,"ix":4},"sa":{"a":0,"k":0,"ix":5},"nm":"Transform"}],"nm":"Ellipse 1","np":3,"cix":2,"bm":0,"ix":1,"mn":"ADBE Vector Group","hd":false}],"ip":0,"op":900.000036657751,"st":0,"bm":0},{"ddd":0,"ind":2,"ty":4,"nm":"Shape Layer 8","sr":1,"ks":{"o":{"a":1,"k":[{"i":{"x":[0.833],"y":[0.833]},"o":{"x":[0.167],"y":[0.167]},"t":19,"s":[0],"e":[100]},{"i":{"x":[0.833],"y":[0.833]},"o":{"x":[0.167],"y":[0.167]},"t":23,"s":[100],"e":[100]},{"i":{"x":[0.833],"y":[0.833]},"o":{"x":[0.167],"y":[0.167]},"t":29,"s":[100],"e":[0]},{"t":42.0000017106951}],"ix":11},"r":{"a":0,"k":0,"ix":10},"p":{"a":1,"k":[{"i":{"x":0.833,"y":0.833},"o":{"x":0.167,"y":0.167},"t":0,"s":[328,298,0],"e":[328,318,0],"to":[0,3.333,0],"ti":[-5,10,0]},{"i":{"x":0.833,"y":0.833},"o":{"x":0.167,"y":0.167},"t":21,"s":[328,318,0],"e":[359.427,225.146,0],"to":[3.379,-6.757,0],"ti":[-7.821,15.641,0]},{"i":{"x":0.833,"y":0.833},"o":{"x":0.167,"y":0.167},"t":26,"s":[359.427,225.146,0],"e":[359.427,235.146,0],"to":[3.753,-7.506,0],"ti":[0,-1.667,0]},{"t":36.0000014663101}],"ix":2},"a":{"a":0,"k":[0,0,0],"ix":1},"s":{"a":0,"k":[120,120,100],"ix":6}},"ao":0,"shapes":[{"ty":"gr","it":[{"d":1,"ty":"el","s":{"a":0,"k":[17,17],"ix":2},"p":{"a":0,"k":[0,0],"ix":3},"nm":"Ellipse Path 1","mn":"ADBE Vector Shape - Ellipse","hd":false},{"ty":"st","c":{"a":0,"k":[0,0,0,1],"ix":3},"o":{"a":0,"k":100,"ix":4},"w":{"a":0,"k":0,"ix":5},"lc":1,"lj":1,"ml":4,"bm":0,"nm":"Stroke 1","mn":"ADBE Vector Graphic - Stroke","hd":false},{"ty":"fl","c":{"a":0,"k":[1,0.337254901961,0.337254901961,1],"ix":4},"o":{"a":0,"k":100,"ix":5},"r":1,"bm":0,"nm":"Fill 1","mn":"ADBE Vector Graphic - Fill","hd":false},{"ty":"tr","p":{"a":0,"k":[-20.5,-91.5],"ix":2},"a":{"a":0,"k":[0,0],"ix":1},"s":{"a":0,"k":[100,100],"ix":3},"r":{"a":0,"k":0,"ix":6},"o":{"a":0,"k":100,"ix":7},"sk":{"a":0,"k":0,"ix":4},"sa":{"a":0,"k":0,"ix":5},"nm":"Transform"}],"nm":"Ellipse 1","np":3,"cix":2,"bm":0,"ix":1,"mn":"ADBE Vector Group","hd":false}],"ip":0,"op":900.000036657751,"st":0,"bm":0},{"ddd":0,"ind":3,"ty":4,"nm":"Shape Layer 7","sr":1,"ks":{"o":{"a":1,"k":[{"i":{"x":[0.833],"y":[0.833]},"o":{"x":[0.167],"y":[0.167]},"t":19,"s":[0],"e":[100]},{"i":{"x":[0.833],"y":[0.833]},"o":{"x":[0.167],"y":[0.167]},"t":23,"s":[100],"e":[100]},{"i":{"x":[0.833],"y":[0.833]},"o":{"x":[0.167],"y":[0.167]},"t":29,"s":[100],"e":[0]},{"t":42.0000017106951}],"ix":11},"r":{"a":0,"k":0,"ix":10},"p":{"a":1,"k":[{"i":{"x":0.833,"y":0.833},"o":{"x":0.167,"y":0.167},"t":0,"s":[238,328,0],"e":[238,348,0],"to":[0,3.333,0],"ti":[0,15,0]},{"i":{"x":0.833,"y":0.833},"o":{"x":0.167,"y":0.167},"t":19,"s":[238,348,0],"e":[238,238,0],"to":[0,-15,0],"ti":[0,16.667,0]},{"i":{"x":0.833,"y":0.833},"o":{"x":0.167,"y":0.167},"t":26,"s":[238,238,0],"e":[238,248,0],"to":[0,-16.667,0],"ti":[0,-1.667,0]},{"t":38.0000015477717}],"ix":2},"a":{"a":0,"k":[0,0,0],"ix":1},"s":{"a":0,"k":[100,100,100],"ix":6}},"ao":0,"shapes":[{"ty":"gr","it":[{"d":1,"ty":"el","s":{"a":0,"k":[17,17],"ix":2},"p":{"a":0,"k":[0,0],"ix":3},"nm":"Ellipse Path 1","mn":"ADBE Vector Shape - Ellipse","hd":false},{"ty":"st","c":{"a":0,"k":[0,0,0,1],"ix":3},"o":{"a":0,"k":100,"ix":4},"w":{"a":0,"k":0,"ix":5},"lc":1,"lj":1,"ml":4,"bm":0,"nm":"Stroke 1","mn":"ADBE Vector Graphic - Stroke","hd":false},{"ty":"fl","c":{"a":0,"k":[1,0.945098099054,0.325490196078,1],"ix":4},"o":{"a":0,"k":100,"ix":5},"r":1,"bm":0,"nm":"Fill 1","mn":"ADBE Vector Graphic - Fill","hd":false},{"ty":"tr","p":{"a":0,"k":[-20.5,-91.5],"ix":2},"a":{"a":0,"k":[0,0],"ix":1},"s":{"a":0,"k":[100,100],"ix":3},"r":{"a":0,"k":0,"ix":6},"o":{"a":0,"k":100,"ix":7},"sk":{"a":0,"k":0,"ix":4},"sa":{"a":0,"k":0,"ix":5},"nm":"Transform"}],"nm":"Ellipse 1","np":3,"cix":2,"bm":0,"ix":1,"mn":"ADBE Vector Group","hd":false}],"ip":0,"op":900.000036657751,"st":0,"bm":0},{"ddd":0,"ind":4,"ty":4,"nm":"Shape Layer 6","sr":1,"ks":{"o":{"a":1,"k":[{"i":{"x":[0.833],"y":[0.833]},"o":{"x":[0.167],"y":[0.167]},"t":19,"s":[0],"e":[100]},{"i":{"x":[0.833],"y":[0.833]},"o":{"x":[0.167],"y":[0.167]},"t":23,"s":[100],"e":[100]},{"i":{"x":[0.833],"y":[0.833]},"o":{"x":[0.167],"y":[0.167]},"t":29,"s":[100],"e":[0]},{"t":42.0000017106951}],"ix":11},"r":{"a":0,"k":45,"ix":10},"p":{"a":1,"k":[{"i":{"x":0.833,"y":0.833},"o":{"x":0.167,"y":0.167},"t":0,"s":[255,195.5,0],"e":[255,215.5,0],"to":[0,3.333,0],"ti":[0.009,3.333,0]},{"i":{"x":0.833,"y":0.833},"o":{"x":0.167,"y":0.167},"t":20,"s":[255,215.5,0],"e":[275,245.5,0],"to":[-0.292,-107.875,0],"ti":[-1.458,-227.5,0]},{"i":{"x":0.833,"y":0.833},"o":{"x":0.167,"y":0.167},"t":29,"s":[275,245.5,0],"e":[275,255.5,0],"to":[0.021,3.333,0],"ti":[0,-1.667,0]},{"t":39.0000015885026}],"ix":2},"a":{"a":0,"k":[0,0,0],"ix":1},"s":{"a":0,"k":[50,50,100],"ix":6}},"ao":0,"shapes":[{"ty":"gr","it":[{"ind":0,"ty":"sh","ix":1,"ks":{"a":0,"k":{"i":[[4.011,-1.215],[0,0],[6.696,2.029],[0,0],[-1.199,-4.016],[0,0],[1.973,-6.608],[0,0],[-4.011,1.215],[0,0],[-6.696,-2.029],[0,0],[1.199,4.016],[0,0],[-1.973,6.608],[0,0]],"o":[[0,0],[-6.696,2.029],[0,0],[-4.011,-1.215],[0,0],[1.973,6.608],[0,0],[-1.199,4.016],[0,0],[6.696,-2.029],[0,0],[4.011,1.215],[0,0],[-1.973,-6.608],[0,0],[1.199,-4.016]],"v":[[23.638,-30.663],[10.269,-26.612],[-10.269,-26.612],[-23.637,-30.663],[-30.202,-24.126],[-26.023,-10.128],[-26.023,10.128],[-30.202,24.126],[-23.637,30.663],[-10.269,26.612],[10.269,26.612],[23.638,30.663],[30.202,24.126],[26.023,10.128],[26.023,-10.128],[30.202,-24.126]],"c":true},"ix":2},"nm":"Path 1","mn":"ADBE Vector Shape - Group","hd":false},{"ty":"st","c":{"a":0,"k":[0,0,0,1],"ix":3},"o":{"a":0,"k":100,"ix":4},"w":{"a":0,"k":0,"ix":5},"lc":1,"lj":1,"ml":4,"bm":0,"nm":"Stroke 1","mn":"ADBE Vector Graphic - Stroke","hd":false},{"ty":"fl","c":{"a":0,"k":[0.407843167174,0.768627510819,1,1],"ix":4},"o":{"a":0,"k":100,"ix":5},"r":1,"bm":0,"nm":"Fill 1","mn":"ADBE Vector Graphic - Fill","hd":false},{"ty":"tr","p":{"a":0,"k":[0,0],"ix":2},"a":{"a":0,"k":[0,0],"ix":1},"s":{"a":0,"k":[100,100],"ix":3},"r":{"a":0,"k":0,"ix":6},"o":{"a":0,"k":100,"ix":7},"sk":{"a":0,"k":0,"ix":4},"sa":{"a":0,"k":0,"ix":5},"nm":"Transform"}],"nm":"Shape 1","np":3,"cix":2,"bm":0,"ix":1,"mn":"ADBE Vector Group","hd":false}],"ip":0,"op":900.000036657751,"st":0,"bm":0},{"ddd":0,"ind":5,"ty":4,"nm":"Shape Layer 5","sr":1,"ks":{"o":{"a":1,"k":[{"i":{"x":[0.833],"y":[0.833]},"o":{"x":[0.167],"y":[0.167]},"t":19,"s":[0],"e":[100]},{"i":{"x":[0.833],"y":[0.833]},"o":{"x":[0.167],"y":[0.167]},"t":23,"s":[100],"e":[100]},{"i":{"x":[0.833],"y":[0.833]},"o":{"x":[0.167],"y":[0.167]},"t":29,"s":[100],"e":[0]},{"t":42.0000017106951}],"ix":11},"r":{"a":0,"k":45,"ix":10},"p":{"a":1,"k":[{"i":{"x":0.833,"y":0.833},"o":{"x":0.167,"y":0.167},"t":0,"s":[315,235.5,0],"e":[315,255.5,0],"to":[0,3.333,0],"ti":[-13.333,3.333,0]},{"i":{"x":0.833,"y":0.833},"o":{"x":0.167,"y":0.167},"t":19,"s":[315,255.5,0],"e":[395,215.5,0],"to":[13.333,-3.333,0],"ti":[-13.333,5.667,0]},{"i":{"x":0.833,"y":0.833},"o":{"x":0.167,"y":0.167},"t":30,"s":[395,215.5,0],"e":[395,221.5,0],"to":[13.333,-5.667,0],"ti":[0,-1,0]},{"t":40.0000016292334}],"ix":2},"a":{"a":0,"k":[0,0,0],"ix":1},"s":{"a":0,"k":[50,50,100],"ix":6}},"ao":0,"shapes":[{"ty":"gr","it":[{"ind":0,"ty":"sh","ix":1,"ks":{"a":0,"k":{"i":[[4.011,-1.215],[0,0],[6.696,2.029],[0,0],[-1.199,-4.016],[0,0],[1.973,-6.608],[0,0],[-4.011,1.215],[0,0],[-6.696,-2.029],[0,0],[1.199,4.016],[0,0],[-1.973,6.608],[0,0]],"o":[[0,0],[-6.696,2.029],[0,0],[-4.011,-1.215],[0,0],[1.973,6.608],[0,0],[-1.199,4.016],[0,0],[6.696,-2.029],[0,0],[4.011,1.215],[0,0],[-1.973,-6.608],[0,0],[1.199,-4.016]],"v":[[23.638,-30.663],[10.269,-26.612],[-10.269,-26.612],[-23.637,-30.663],[-30.202,-24.126],[-26.023,-10.128],[-26.023,10.128],[-30.202,24.126],[-23.637,30.663],[-10.269,26.612],[10.269,26.612],[23.638,30.663],[30.202,24.126],[26.023,10.128],[26.023,-10.128],[30.202,-24.126]],"c":true},"ix":2},"nm":"Path 1","mn":"ADBE Vector Shape - Group","hd":false},{"ty":"st","c":{"a":0,"k":[0,0,0,1],"ix":3},"o":{"a":0,"k":100,"ix":4},"w":{"a":0,"k":0,"ix":5},"lc":1,"lj":1,"ml":4,"bm":0,"nm":"Stroke 1","mn":"ADBE Vector Graphic - Stroke","hd":false},{"ty":"fl","c":{"a":0,"k":[0.407842987659,0.770103963216,1,1],"ix":4},"o":{"a":0,"k":100,"ix":5},"r":1,"bm":0,"nm":"Fill 1","mn":"ADBE Vector Graphic - Fill","hd":false},{"ty":"tr","p":{"a":0,"k":[0,0],"ix":2},"a":{"a":0,"k":[0,0],"ix":1},"s":{"a":0,"k":[100,100],"ix":3},"r":{"a":0,"k":0,"ix":6},"o":{"a":0,"k":100,"ix":7},"sk":{"a":0,"k":0,"ix":4},"sa":{"a":0,"k":0,"ix":5},"nm":"Transform"}],"nm":"Shape 1","np":3,"cix":2,"bm":0,"ix":1,"mn":"ADBE Vector Group","hd":false}],"ip":0,"op":900.000036657751,"st":0,"bm":0},{"ddd":0,"ind":6,"ty":4,"nm":"Shape Layer 4","sr":1,"ks":{"o":{"a":1,"k":[{"i":{"x":[0.833],"y":[0.833]},"o":{"x":[0.167],"y":[0.167]},"t":19,"s":[0],"e":[100]},{"i":{"x":[0.833],"y":[0.833]},"o":{"x":[0.167],"y":[0.167]},"t":23,"s":[100],"e":[100]},{"i":{"x":[0.833],"y":[0.833]},"o":{"x":[0.167],"y":[0.167]},"t":29,"s":[100],"e":[0]},{"t":42.0000017106951}],"ix":11},"r":{"a":0,"k":45,"ix":10},"p":{"a":1,"k":[{"i":{"x":0.833,"y":0.833},"o":{"x":0.167,"y":0.167},"t":0,"s":[145,205.5,0],"e":[145,225.5,0],"to":[0,3.333,0],"ti":[10,1.667,0]},{"i":{"x":0.833,"y":0.833},"o":{"x":0.167,"y":0.167},"t":19,"s":[145,225.5,0],"e":[85,195.5,0],"to":[-10,-1.667,0],"ti":[10,3.333,0]},{"i":{"x":0.833,"y":0.833},"o":{"x":0.167,"y":0.167},"t":29,"s":[85,195.5,0],"e":[85,205.5,0],"to":[-10,-3.333,0],"ti":[0,-1.667,0]},{"t":40.0000016292334}],"ix":2},"a":{"a":0,"k":[0,0,0],"ix":1},"s":{"a":0,"k":[50,50,100],"ix":6}},"ao":0,"shapes":[{"ty":"gr","it":[{"ind":0,"ty":"sh","ix":1,"ks":{"a":0,"k":{"i":[[4.011,-1.215],[0,0],[6.696,2.029],[0,0],[-1.199,-4.016],[0,0],[1.973,-6.608],[0,0],[-4.011,1.215],[0,0],[-6.696,-2.029],[0,0],[1.199,4.016],[0,0],[-1.973,6.608],[0,0]],"o":[[0,0],[-6.696,2.029],[0,0],[-4.011,-1.215],[0,0],[1.973,6.608],[0,0],[-1.199,4.016],[0,0],[6.696,-2.029],[0,0],[4.011,1.215],[0,0],[-1.973,-6.608],[0,0],[1.199,-4.016]],"v":[[23.638,-30.663],[10.269,-26.612],[-10.269,-26.612],[-23.637,-30.663],[-30.202,-24.126],[-26.023,-10.128],[-26.023,10.128],[-30.202,24.126],[-23.637,30.663],[-10.269,26.612],[10.269,26.612],[23.638,30.663],[30.202,24.126],[26.023,10.128],[26.023,-10.128],[30.202,-24.126]],"c":true},"ix":2},"nm":"Path 1","mn":"ADBE Vector Shape - Group","hd":false},{"ty":"st","c":{"a":0,"k":[0,0,0,1],"ix":3},"o":{"a":0,"k":100,"ix":4},"w":{"a":0,"k":0,"ix":5},"lc":1,"lj":1,"ml":4,"bm":0,"nm":"Stroke 1","mn":"ADBE Vector Graphic - Stroke","hd":false},{"ty":"fl","c":{"a":0,"k":[0.407843167174,0.768627510819,1,1],"ix":4},"o":{"a":0,"k":100,"ix":5},"r":1,"bm":0,"nm":"Fill 1","mn":"ADBE Vector Graphic - Fill","hd":false},{"ty":"tr","p":{"a":0,"k":[0,0],"ix":2},"a":{"a":0,"k":[0,0],"ix":1},"s":{"a":0,"k":[100,100],"ix":3},"r":{"a":0,"k":0,"ix":6},"o":{"a":0,"k":100,"ix":7},"sk":{"a":0,"k":0,"ix":4},"sa":{"a":0,"k":0,"ix":5},"nm":"Transform"}],"nm":"Shape 1","np":3,"cix":2,"bm":0,"ix":1,"mn":"ADBE Vector Group","hd":false}],"ip":0,"op":900.000036657751,"st":0,"bm":0},{"ddd":0,"ind":7,"ty":3,"nm":"Adjustment Layer 1","sr":1,"ks":{"o":{"a":0,"k":100,"ix":11},"r":{"a":0,"k":0,"ix":10},"p":{"s":true,"x":{"a":0,"k":230,"ix":3},"y":{"a":0,"k":276,"ix":4}},"a":{"a":0,"k":[250,250,0],"ix":1},"s":{"a":0,"k":[100,100,100],"ix":6}},"ao":0,"ip":0,"op":900.000036657751,"st":0,"bm":0},{"ddd":1,"ind":8,"ty":4,"nm":"outline","parent":9,"sr":1,"ks":{"o":{"a":0,"k":100,"ix":11},"rx":{"a":0,"k":0,"ix":8},"ry":{"a":0,"k":0,"ix":9},"rz":{"a":0,"k":0,"ix":10},"or":{"a":0,"k":[0,0,0],"ix":7},"p":{"a":0,"k":[5.465,98.04,-0.39],"ix":2},"a":{"a":0,"k":[0,86,0],"ix":1},"s":{"a":0,"k":[98.276,94.507,100],"ix":6}},"ao":0,"shapes":[{"ty":"gr","it":[{"ind":0,"ty":"sh","ix":1,"ks":{"a":0,"k":{"i":[[0,0],[0,0],[4.518,0],[0,0],[0,-6.588],[0,0],[0,0],[-6.588,0],[0,0],[0,6.587],[0,0],[6.587,0]],"o":[[0,0],[-2.02,-4.041],[0,0],[-6.588,0],[0,0],[0,0],[0,6.587],[0,0],[6.587,0],[0,0],[0,-6.588],[0,0]],"v":[[-30,-66],[-36.703,-79.407],[-47.372,-86],[-102.072,-86],[-114,-74.072],[-114,-66],[-114,74.072],[-102.072,86],[102.072,86],[114,74.072],[114,-54.072],[102.072,-66]],"c":true},"ix":2},"nm":"Path 1","mn":"ADBE Vector Shape - Group","hd":false},{"ty":"st","c":{"a":0,"k":[0,0,0,1],"ix":3},"o":{"a":0,"k":100,"ix":4},"w":{"a":0,"k":10,"ix":5},"lc":1,"lj":1,"ml":4,"bm":0,"nm":"Stroke 1","mn":"ADBE Vector Graphic - Stroke","hd":false},{"ty":"tr","p":{"a":0,"k":[0,0],"ix":2},"a":{"a":0,"k":[0,0],"ix":1},"s":{"a":0,"k":[100,100],"ix":3},"r":{"a":0,"k":0,"ix":6},"o":{"a":0,"k":100,"ix":7},"sk":{"a":0,"k":0,"ix":4},"sa":{"a":0,"k":0,"ix":5},"nm":"Transform"}],"nm":"Shape 1","np":2,"cix":2,"bm":0,"ix":1,"mn":"ADBE Vector Group","hd":false}],"ip":0,"op":900.000036657751,"st":0,"bm":0},{"ddd":1,"ind":9,"ty":4,"nm":"folder","parent":7,"sr":1,"ks":{"o":{"a":0,"k":100,"ix":11},"rx":{"a":1,"k":[{"i":{"x":[0.833],"y":[0.833]},"o":{"x":[0.167],"y":[0.167]},"t":0,"s":[0],"e":[30]},{"i":{"x":[0.833],"y":[0.833]},"o":{"x":[0.167],"y":[0.167]},"t":8,"s":[30],"e":[30]},{"i":{"x":[0.833],"y":[0.833]},"o":{"x":[0.167],"y":[0.167]},"t":12,"s":[30],"e":[0]},{"t":18.000000733155}],"ix":8},"ry":{"a":0,"k":0,"ix":9},"rz":{"a":0,"k":0,"ix":10},"or":{"a":0,"k":[0,0,0],"ix":7},"p":{"a":0,"k":[259,331.976,62.248],"ix":2},"a":{"a":0,"k":[0,96.373,62.248],"ix":1},"s":{"a":0,"k":[101.753,105.814,100],"ix":6}},"ao":0,"shapes":[{"ty":"gr","it":[{"ind":0,"ty":"sh","ix":1,"ks":{"a":0,"k":{"i":[[0,0],[0,0],[4.518,0],[0,0],[0,-6.588],[0,0],[0,0],[-6.588,0],[0,0],[0,6.587],[0,0],[6.587,0]],"o":[[0,0],[-2.02,-4.041],[0,0],[-6.588,0],[0,0],[0,0],[0,6.587],[0,0],[6.587,0],[0,0],[0,-6.588],[0,0]],"v":[[-30,-66],[-36.703,-79.407],[-47.372,-86],[-102.072,-86],[-114,-74.072],[-114,-66],[-114,74.072],[-102.072,86],[102.072,86],[114,74.072],[114,-54.072],[102.072,-66]],"c":true},"ix":2},"nm":"Path 1","mn":"ADBE Vector Shape - Group","hd":false},{"ty":"st","c":{"a":0,"k":[0,0,0,1],"ix":3},"o":{"a":0,"k":100,"ix":4},"w":{"a":0,"k":0,"ix":5},"lc":1,"lj":1,"ml":4,"bm":0,"nm":"Stroke 1","mn":"ADBE Vector Graphic - Stroke","hd":false},{"ty":"fl","c":{"a":0,"k":[1,0.94445214365,0.325490166159,1],"ix":4},"o":{"a":0,"k":100,"ix":5},"r":1,"bm":0,"nm":"Fill 1","mn":"ADBE Vector Graphic - Fill","hd":false},{"ty":"tr","p":{"a":0,"k":[0,0],"ix":2},"a":{"a":0,"k":[0,0],"ix":1},"s":{"a":0,"k":[100,100],"ix":3},"r":{"a":0,"k":0,"ix":6},"o":{"a":0,"k":100,"ix":7},"sk":{"a":0,"k":0,"ix":4},"sa":{"a":0,"k":0,"ix":5},"nm":"Transform"}],"nm":"Shape 1","np":3,"cix":2,"bm":0,"ix":1,"mn":"ADBE Vector Group","hd":false}],"ip":0,"op":900.000036657751,"st":0,"bm":0},{"ddd":0,"ind":10,"ty":4,"nm":"Shape Layer 3","sr":1,"ks":{"o":{"a":1,"k":[{"i":{"x":[0.833],"y":[0.833]},"o":{"x":[0.167],"y":[0.167]},"t":0,"s":[0],"e":[100]},{"t":2.00000008146167}],"ix":11},"r":{"a":0,"k":0,"ix":10},"p":{"a":1,"k":[{"i":{"x":0.667,"y":1},"o":{"x":0.333,"y":0},"t":0,"s":[243,282.5,0],"e":[147.137,366.13,0],"to":[-61.937,17.623,0],"ti":[5.934,-32.226,0]},{"i":{"x":0.667,"y":1},"o":{"x":0.333,"y":0},"t":7,"s":[147.137,366.13,0],"e":[149,438.5,0],"to":[-5.627,30.557,0],"ti":[7.625,-12.655,0]},{"t":11.0000004480392}],"ix":2},"a":{"a":0,"k":[0,0,0],"ix":1},"s":{"a":0,"k":[100,100,100],"ix":6}},"ao":0,"shapes":[{"ty":"gr","it":[{"ind":0,"ty":"sh","ix":1,"ks":{"a":1,"k":[{"i":{"x":0.833,"y":0.833},"o":{"x":0.167,"y":0.167},"t":3,"s":[{"i":[[0,0],[0,0],[12.603,-28],[0,0]],"o":[[0,0],[2.503,12.277],[0,0],[21.499,-24]],"v":[[60,-33.5],[-32,-33.5],[-46,33.5],[46,33.5]],"c":true}],"e":[{"i":[[0,0],[0,0],[-14,-42],[0,0]],"o":[[0,0],[0,0],[0,0],[-14,-42]],"v":[[60,-33.5],[-32,-33.5],[-46,33.5],[46,33.5]],"c":true}]},{"i":{"x":0.833,"y":0.846},"o":{"x":0.167,"y":0.167},"t":6,"s":[{"i":[[0,0],[0,0],[-14,-42],[0,0]],"o":[[0,0],[0,0],[0,0],[-14,-42]],"v":[[60,-33.5],[-32,-33.5],[-46,33.5],[46,33.5]],"c":true}],"e":[{"i":[[0,0],[0,0],[-0.097,-25.25],[0,0]],"o":[[0,0],[0,0],[0,0],[-0.256,-28.5]],"v":[[43.243,-33.625],[-32,-33.5],[-32.359,33],[43.178,32]],"c":true}]},{"t":13.0000005295009}],"ix":2},"nm":"Path 1","mn":"ADBE Vector Shape - Group","hd":false},{"ty":"st","c":{"a":0,"k":[0,0,0,1],"ix":3},"o":{"a":0,"k":100,"ix":4},"w":{"a":0,"k":0,"ix":5},"lc":1,"lj":1,"ml":4,"bm":0,"nm":"Stroke 1","mn":"ADBE Vector Graphic - Stroke","hd":false},{"ty":"fl","c":{"a":0,"k":[0.407843107336,0.770103664024,1,1],"ix":4},"o":{"a":0,"k":100,"ix":5},"r":1,"bm":0,"nm":"Fill 1","mn":"ADBE Vector Graphic - Fill","hd":false},{"ty":"tr","p":{"a":0,"k":[89,-195],"ix":2},"a":{"a":0,"k":[0,0],"ix":1},"s":{"a":0,"k":[212.595,100],"ix":3},"r":{"a":0,"k":0,"ix":6},"o":{"a":0,"k":100,"ix":7},"sk":{"a":0,"k":0,"ix":4},"sa":{"a":0,"k":0,"ix":5},"nm":"Transform"}],"nm":"Shape 1","np":3,"cix":2,"bm":0,"ix":1,"mn":"ADBE Vector Group","hd":false}],"ip":0,"op":900.000036657751,"st":0,"bm":0},{"ddd":1,"ind":11,"ty":4,"nm":"outline 2","parent":12,"sr":1,"ks":{"o":{"a":0,"k":100,"ix":11},"rx":{"a":0,"k":0,"ix":8},"ry":{"a":0,"k":0,"ix":9},"rz":{"a":0,"k":0,"ix":10},"or":{"a":0,"k":[0,0,0],"ix":7},"p":{"a":0,"k":[-1.415,86.035,-63.388],"ix":2},"a":{"a":0,"k":[0,86,0],"ix":1},"s":{"a":0,"k":[92.047,94.507,100],"ix":6}},"ao":0,"shapes":[{"ty":"gr","it":[{"ind":0,"ty":"sh","ix":1,"ks":{"a":0,"k":{"i":[[0,0],[0,0],[4.518,0],[0,0],[0,-6.588],[0,0],[0,0],[0,0],[0,0],[6.587,0]],"o":[[0,0],[-2.02,-4.041],[0,0],[-6.588,0],[0,0],[0,0],[0,0],[0,0],[0,-6.588],[0,0]],"v":[[-30,-66],[-36.703,-79.407],[-47.372,-86],[-102.072,-86],[-114,-74.072],[-114,-66],[-114,74.072],[114,74.072],[114,-54.072],[102.072,-66]],"c":true},"ix":2},"nm":"Path 1","mn":"ADBE Vector Shape - Group","hd":false},{"ty":"st","c":{"a":0,"k":[0,0,0,1],"ix":3},"o":{"a":0,"k":100,"ix":4},"w":{"a":0,"k":10,"ix":5},"lc":1,"lj":1,"ml":4,"bm":0,"nm":"Stroke 1","mn":"ADBE Vector Graphic - Stroke","hd":false},{"ty":"tr","p":{"a":0,"k":[0,0],"ix":2},"a":{"a":0,"k":[0,0],"ix":1},"s":{"a":0,"k":[100,100],"ix":3},"r":{"a":0,"k":0,"ix":6},"o":{"a":0,"k":100,"ix":7},"sk":{"a":0,"k":0,"ix":4},"sa":{"a":0,"k":0,"ix":5},"nm":"Transform"}],"nm":"Shape 1","np":2,"cix":2,"bm":0,"ix":1,"mn":"ADBE Vector Group","hd":false}],"ip":0,"op":900.000036657751,"st":0,"bm":0},{"ddd":1,"ind":12,"ty":3,"nm":"folder 2","parent":7,"sr":1,"ks":{"o":{"a":0,"k":100,"ix":11},"rx":{"a":1,"k":[{"i":{"x":[0.833],"y":[0.833]},"o":{"x":[0.167],"y":[0.167]},"t":0,"s":[0],"e":[-20]},{"i":{"x":[0.833],"y":[0.833]},"o":{"x":[0.167],"y":[0.167]},"t":8,"s":[-20],"e":[-20]},{"i":{"x":[0.833],"y":[0.833]},"o":{"x":[0.167],"y":[0.167]},"t":12,"s":[-20],"e":[0]},{"t":18.000000733155}],"ix":8},"ry":{"a":0,"k":0,"ix":9},"rz":{"a":0,"k":0,"ix":10},"or":{"a":0,"k":[0,0,0],"ix":7},"p":{"a":0,"k":[259,316.976,62.248],"ix":2},"a":{"a":0,"k":[0,86,0],"ix":1},"s":{"a":0,"k":[101.753,105.814,100],"ix":6}},"ao":0,"ip":0,"op":900.000036657751,"st":0,"bm":0}],"markers":[]}